code;libelle;gid
01.11Z;Culture de céréales (à l'exception du riz), de légumineuses et de graines oléagineuses;1
01.12Z;Culture du riz;2
01.13Z;Culture de légumes, de melons, de racines et de tubercules;3
01.14Z;Culture de la canne à sucre;4
01.15Z;Culture du tabac;5
01.16Z;Culture de plantes à fibres;6
01.19Z;Autres cultures non permanentes;7
01.21Z;Culture de la vigne;8
01.22Z;Culture de fruits tropicaux et subtropicaux;9
01.23Z;Culture d'agrumes;10
01.24Z;Culture de fruits à pépins et à noyau;11
01.25Z;Culture d'autres fruits d'arbres ou d'arbustes et de fruits à coque;12
01.26Z;Culture de fruits oléagineux;13
01.27Z;Culture de plantes à boissons;14
01.28Z;Culture de plantes à épices, aromatiques, médicinales et pharmaceutiques;15
01.29Z;Autres cultures permanentes;16
01.30Z;Reproduction de plantes;17
01.41Z;Élevage de vaches laitières;18
01.42Z;Élevage d'autres bovins et de buffles;19
01.43Z;Élevage de chevaux et d'autres équidés;20
01.44Z;Élevage de chameaux et d'autres camélidés;21
01.45Z;Élevage d'ovins et de caprins;22
01.46Z;Élevage de porcins;23
01.47Z;Élevage de volailles;24
01.49Z;Élevage d'autres animaux;25
01.50Z;Culture et élevage associés;26
01.61Z;Activités de soutien aux cultures;27
01.62Z;Activités de soutien à la production animale;28
01.63Z;Traitement primaire des récoltes;29
01.64Z;Traitement des semences;30
01.70Z;Chasse, piégeage et services annexes;31
02.10Z;Sylviculture et autres activités forestières;32
02.20Z;Exploitation forestière;33
02.30Z;Récolte de produits forestiers non ligneux poussant à l'état sauvage;34
02.40Z;Services de soutien à l'exploitation forestière;35
03.11Z;Pêche en mer;36
03.12Z;Pêche en eau douce;37
03.21Z;Aquaculture en mer;38
03.22Z;Aquaculture en eau douce;39
05.10Z;Extraction de houille;40
05.20Z;Extraction de lignite;41
06.10Z;Extraction de pétrole brut;42
06.20Z;Extraction de gaz naturel;43
07.10Z;Extraction de minerais de fer;44
07.21Z;Extraction de minerais d'uranium et de thorium;45
07.29Z;Extraction d'autres minerais de métaux non ferreux;46
08.11Z;Extraction de pierres ornementales et de construction, de calcaire industriel, de gypse, de craie et d'ardoise;47
08.12Z;Exploitation de gravières et sablières, extraction d’argiles et de kaolin;48
08.91Z;Extraction des minéraux chimiques et d'engrais minéraux ;49
08.92Z;Extraction de tourbe;50
08.93Z;Production de sel ;51
08.99Z;Autres activités extractives n.c.a.;52
09.10Z;Activités de soutien à l'extraction d'hydrocarbures;53
09.90Z;Activités de soutien aux autres industries extractives ;54
10.11Z;Transformation et conservation de la viande de boucherie;55
10.12Z;Transformation et conservation de la viande de volaille;56
10.13A;Préparation industrielle de produits à base de viande;57
10.13B;Charcuterie;58
10.20Z;Transformation et conservation de poisson, de crustacés et de mollusques;59
10.31Z;Transformation et conservation de pommes de terre;60
10.32Z;Préparation de jus de fruits et légumes;61
10.39A;Autre transformation et conservation de légumes;62
10.39B;Transformation et conservation de fruits;63
10.41A;Fabrication d'huiles et graisses brutes;64
10.41B;Fabrication d'huiles et graisses raffinées;65
10.42Z;Fabrication de margarine et graisses comestibles similaires;66
10.51A;Fabrication de lait liquide et de produits frais;67
10.51B;Fabrication de beurre;68
10.51C;Fabrication de fromage;69
10.51D;Fabrication d'autres produits laitiers;70
10.52Z;Fabrication de glaces et sorbets;71
10.61A;Meunerie;72
10.61B;Autres activités du travail des grains;73
10.62Z;Fabrication de produits amylacés;74
10.71A;Fabrication industrielle de pain et de pâtisserie fraîche;75
10.71B;Cuisson de produits de boulangerie;76
10.71C;Boulangerie et boulangerie-pâtisserie;77
10.71D;Pâtisserie;78
10.72Z;Fabrication de biscuits, biscottes et pâtisseries de conservation;79
10.73Z;Fabrication de pâtes alimentaires;80
10.81Z;Fabrication de sucre;81
10.82Z;Fabrication de cacao, chocolat et de produits de confiserie;82
10.83Z;Transformation du thé et du café;83
10.84Z;Fabrication de condiments et assaisonnements;84
10.85Z;Fabrication de plats préparés;85
10.86Z;Fabrication d'aliments homogénéisés et diététiques;86
23.12Z;Façonnage et transformation du verre plat;171
10.89Z;Fabrication d'autres produits alimentaires n.c.a.;87
10.91Z;Fabrication d'aliments pour animaux de ferme;88
10.92Z;Fabrication d'aliments pour animaux de compagnie;89
11.01Z;Production de boissons alcooliques distillées;90
11.02A;Fabrication de vins effervescents;91
11.02B;Vinification;92
11.03Z;Fabrication de cidre et de vins de fruits ;93
11.04Z;Production d'autres boissons fermentées non distillées;94
11.05Z;Fabrication de bière;95
11.06Z;Fabrication de malt;96
11.07A;Industrie des eaux de table;97
11.07B;Production de boissons rafraîchissantes;98
12.00Z;Fabrication de produits à base de tabac;99
13.10Z;Préparation de fibres textiles et filature;100
13.20Z;Tissage;101
13.30Z;Ennoblissement textile;102
13.91Z;Fabrication d'étoffes à mailles;103
13.92Z;Fabrication d'articles textiles, sauf habillement;104
13.93Z;Fabrication de tapis et moquettes;105
13.94Z;Fabrication de ficelles, cordes et filets;106
13.95Z;Fabrication de non-tissés, sauf habillement;107
13.96Z;Fabrication d'autres textiles techniques et industriels;108
13.99Z;Fabrication d'autres textiles n.c.a.;109
14.11Z;Fabrication de vêtements en cuir;110
14.12Z;Fabrication de vêtements de travail;111
14.13Z;Fabrication de vêtements de dessus;112
14.14Z;Fabrication de vêtements de dessous;113
14.19Z;Fabrication d'autres vêtements et accessoires;114
14.20Z;Fabrication d'articles en fourrure;115
14.31Z;Fabrication d'articles chaussants à mailles;116
14.39Z;Fabrication d'autres articles à mailles;117
15.11Z;"Apprêt et tannage des cuirs ; préparation et teinture des fourrures";118
15.12Z;Fabrication d'articles de voyage, de maroquinerie et de sellerie;119
15.20Z;Fabrication de chaussures;120
16.10A;Sciage et rabotage du bois, hors imprégnation;121
16.10B;Imprégnation du bois;122
16.21Z;Fabrication de placage et de panneaux de bois;123
16.22Z;Fabrication de parquets assemblés;124
16.23Z;Fabrication de charpentes et d'autres menuiseries;125
16.24Z;Fabrication d'emballages en bois;126
16.29Z;"Fabrication d'objets divers en bois ; fabrication d'objets en liège, vannerie et sparterie";127
17.11Z;Fabrication de pâte à papier;128
17.12Z;Fabrication de papier et de carton;129
17.21A;Fabrication de carton ondulé;130
17.21B;Fabrication de cartonnages ;131
17.21C;Fabrication d'emballages en papier;132
17.22Z;Fabrication d'articles en papier à usage sanitaire ou domestique;133
17.23Z;Fabrication d'articles de papeterie;134
17.24Z;Fabrication de papiers peints;135
17.29Z;Fabrication d'autres articles en papier ou en carton;136
18.11Z;Imprimerie de journaux;137
18.12Z;Autre imprimerie (labeur);138
18.13Z;Activités de pré-presse ;139
18.14Z;Reliure et activités connexes;140
18.20Z;Reproduction d'enregistrements;141
19.10Z;Cokéfaction;142
19.20Z;Raffinage du pétrole;143
20.11Z;Fabrication de gaz industriels;144
20.12Z;Fabrication de colorants et de pigments;145
20.13A;Enrichissement et  retraitement de matières nucléaires;146
20.13B;Fabrication d'autres produits chimiques inorganiques de base n.c.a.;147
20.14Z;Fabrication d'autres produits chimiques organiques de base;148
20.15Z;Fabrication de produits azotés et d'engrais;149
20.16Z;Fabrication de matières plastiques de base;150
20.17Z;Fabrication de caoutchouc synthétique;151
20.20Z;Fabrication de pesticides et d’autres produits agrochimiques;152
20.30Z;Fabrication de peintures, vernis, encres et mastics;153
20.41Z;Fabrication de savons, détergents et produits d'entretien;154
20.42Z;Fabrication de parfums et de produits pour la toilette;155
20.51Z;Fabrication de produits explosifs;156
20.52Z;Fabrication de colles;157
20.53Z;Fabrication d'huiles essentielles;158
20.59Z;Fabrication d'autres produits chimiques n.c.a.;159
20.60Z;Fabrication de fibres artificielles ou synthétiques;160
21.10Z;Fabrication de produits pharmaceutiques de base;161
21.20Z;Fabrication de préparations pharmaceutiques;162
22.11Z;Fabrication et rechapage de pneumatiques;163
22.19Z;Fabrication d'autres articles en caoutchouc;164
22.21Z;Fabrication de plaques, feuilles, tubes et profilés en matières plastiques;165
22.22Z;Fabrication d'emballages en matières plastiques;166
22.23Z;Fabrication d'éléments en matières plastiques pour la construction;167
22.29A;Fabrication de pièces techniques à base de matières plastiques;168
22.29B;Fabrication de produits de consommation courante en matières plastiques;169
23.11Z;Fabrication de verre plat;170
23.13Z;Fabrication de verre creux;172
23.14Z;Fabrication de fibres de verre;173
23.19Z;Fabrication et façonnage d'autres articles en verre, y compris verre technique;174
23.20Z;Fabrication de produits réfractaires;175
23.31Z;Fabrication de carreaux en céramique;176
23.32Z;Fabrication de briques, tuiles et produits de construction, en terre cuite;177
23.41Z;Fabrication d'articles céramiques à usage domestique ou ornemental;178
23.42Z;Fabrication d'appareils sanitaires en céramique;179
23.43Z;Fabrication d'isolateurs et pièces isolantes en céramique;180
23.44Z;Fabrication d'autres produits céramiques à usage technique;181
23.49Z;Fabrication d'autres produits céramiques;182
23.51Z;Fabrication de ciment;183
23.52Z;Fabrication de chaux et plâtre;184
23.61Z;Fabrication d'éléments en béton pour la construction;185
23.62Z;Fabrication d'éléments en plâtre pour la construction;186
23.63Z;Fabrication de béton prêt à l'emploi;187
23.64Z;Fabrication de mortiers et bétons secs;188
23.65Z;Fabrication d'ouvrages en fibre-ciment;189
23.69Z;Fabrication d'autres ouvrages en béton, en ciment ou en plâtre;190
23.70Z;Taille, façonnage et finissage de pierres;191
23.91Z;Fabrication de produits abrasifs;192
23.99Z;Fabrication d'autres produits minéraux non métalliques n.c.a.;193
24.10Z;Sidérurgie;194
24.20Z;Fabrication de tubes, tuyaux, profilés creux et accessoires correspondants en acier ;195
24.31Z;Étirage à froid de barres;196
24.32Z;Laminage à froid de feuillards;197
24.33Z;Profilage à froid par formage ou pliage;198
24.34Z;Tréfilage à froid;199
24.41Z;Production de métaux précieux;200
24.42Z;Métallurgie de l'aluminium;201
24.43Z;Métallurgie du plomb, du zinc ou de l'étain;202
24.44Z;Métallurgie du cuivre;203
24.45Z;Métallurgie des autres métaux non ferreux;204
24.46Z;Élaboration et transformation de matières nucléaires;205
24.51Z;Fonderie de fonte;206
24.52Z;Fonderie d'acier;207
24.53Z;Fonderie de métaux légers;208
24.54Z;Fonderie d'autres métaux non ferreux;209
25.11Z;Fabrication de structures métalliques et de parties de structures;210
25.12Z;Fabrication de portes et fenêtres en métal;211
25.21Z;Fabrication de radiateurs et de chaudières pour le chauffage central;212
25.29Z;Fabrication d'autres réservoirs, citernes et conteneurs métalliques;213
25.30Z;Fabrication de générateurs de vapeur, à l'exception des chaudières pour le chauffage central;214
25.40Z;Fabrication d'armes et de munitions;215
25.50A;"Forge, estampage, matriçage ; métallurgie des poudres";216
25.50B;Découpage, emboutissage;217
25.61Z;Traitement et revêtement des métaux;218
25.62A;Décolletage;219
25.62B;Mécanique industrielle;220
25.71Z;Fabrication de coutellerie;221
25.72Z;Fabrication de serrures et de ferrures;222
25.73A;Fabrication de moules et modèles;223
25.73B;Fabrication d'autres outillages;224
25.91Z;Fabrication de fûts et emballages métalliques similaires;225
25.92Z;Fabrication d'emballages métalliques légers;226
25.93Z;Fabrication d'articles en fils métalliques, de chaînes et de ressorts;227
25.94Z;Fabrication de vis et de boulons;228
25.99A;Fabrication d'articles métalliques ménagers;229
25.99B;Fabrication d'autres articles métalliques;230
26.11Z;Fabrication de composants électroniques;231
26.12Z;Fabrication de cartes électroniques assemblées;232
26.20Z;Fabrication d'ordinateurs et d'équipements périphériques;233
26.30Z;Fabrication d'équipements de communication ;234
26.40Z;Fabrication de produits électroniques grand public;235
26.51A;Fabrication d'équipements d'aide à la navigation;236
26.51B;Fabrication d'instrumentation scientifique et technique;237
26.52Z;Horlogerie;238
26.60Z;Fabrication d'équipements d'irradiation médicale, d'équipements électromédicaux et électrothérapeutiques ;239
26.70Z;Fabrication de matériels optique et photographique;240
26.80Z;Fabrication de supports magnétiques et optiques;241
27.11Z;Fabrication de moteurs, génératrices et transformateurs électriques;242
27.12Z;Fabrication de matériel de distribution et de commande électrique;243
27.20Z;Fabrication de piles et d'accumulateurs électriques;244
27.31Z;Fabrication de câbles de fibres optiques;245
27.32Z;Fabrication d'autres fils et câbles électroniques ou électriques;246
27.33Z;Fabrication de matériel d'installation électrique;247
27.40Z;Fabrication d'appareils d'éclairage électrique;248
27.51Z;Fabrication d'appareils électroménagers;249
27.52Z;Fabrication d'appareils ménagers non électriques;250
27.90Z;Fabrication d'autres matériels électriques;251
39.00Z;Dépollution et autres services de gestion des déchets;330
28.11Z;Fabrication de moteurs et turbines, à l'exception des moteurs d’avions et de véhicules;252
28.12Z;Fabrication d'équipements hydrauliques et pneumatiques;253
28.13Z;Fabrication d'autres pompes et compresseurs;254
28.14Z;Fabrication d'autres articles de robinetterie;255
28.15Z;Fabrication d'engrenages et d'organes mécaniques de transmission;256
28.21Z;Fabrication de fours et brûleurs;257
28.22Z;Fabrication de matériel de levage et de manutention;258
28.23Z;Fabrication de machines et d'équipements de bureau (à l'exception des ordinateurs et équipements périphériques);259
28.24Z;Fabrication d'outillage portatif à moteur incorporé;260
28.25Z;Fabrication d'équipements aérauliques et frigorifiques industriels;261
28.29A;Fabrication d'équipements d'emballage, de conditionnement et de pesage ;262
28.29B;Fabrication d'autres machines d'usage général;263
28.30Z;Fabrication de machines agricoles et forestières;264
28.41Z;Fabrication de machines-outils pour le travail des métaux;265
28.49Z;Fabrication d'autres machines-outils ;266
28.91Z;Fabrication de machines pour la métallurgie;267
28.92Z;Fabrication de machines pour l'extraction ou la construction;268
28.93Z;Fabrication de machines pour l'industrie agro-alimentaire;269
28.94Z;Fabrication de machines pour les industries textiles;270
28.95Z;Fabrication de machines pour les industries du papier et du carton;271
28.96Z;Fabrication de machines pour le travail du caoutchouc ou des plastiques;272
28.99A;Fabrication de machines d'imprimerie;273
28.99B;Fabrication d'autres machines spécialisées;274
29.10Z;Construction de véhicules automobiles;275
29.20Z;Fabrication de carrosseries et remorques;276
29.31Z;Fabrication d'équipements électriques et électroniques automobiles;277
29.32Z;Fabrication d'autres équipements automobiles;278
30.11Z;Construction de navires et de structures flottantes;279
30.12Z;Construction de bateaux de plaisance;280
30.20Z;Construction de locomotives et d'autre matériel ferroviaire roulant ;281
30.30Z;Construction aéronautique et spatiale ;282
30.40Z;Construction de véhicules militaires de combat ;283
30.91Z;Fabrication de motocycles;284
30.92Z;Fabrication de bicyclettes et de véhicules pour invalides;285
30.99Z;Fabrication d’autres équipements de transport n.c.a.;286
31.01Z;Fabrication de meubles de bureau et de magasin;287
31.02Z;Fabrication de meubles de cuisine ;288
31.03Z;Fabrication de matelas;289
31.09A;Fabrication de sièges d'ameublement d'intérieur;290
31.09B;Fabrication d’autres meubles et industries connexes de l’ameublement;291
32.11Z;Frappe de monnaie;292
32.12Z;Fabrication d’articles de joaillerie et bijouterie;293
32.13Z;Fabrication d’articles de bijouterie fantaisie et articles similaires;294
32.20Z;Fabrication d'instruments de musique;295
32.30Z;Fabrication d'articles de sport;296
32.40Z;Fabrication de jeux et jouets;297
32.50A;Fabrication de matériel médico-chirurgical et dentaire;298
32.50B;Fabrication de lunettes;299
32.91Z;Fabrication d’articles de brosserie;300
32.99Z;Autres activités manufacturières n.c.a. ;301
33.11Z;Réparation d'ouvrages en métaux;302
33.12Z;Réparation de machines et équipements mécaniques;303
33.13Z;Réparation de matériels électroniques et optiques;304
33.14Z;Réparation d'équipements électriques;305
33.15Z;Réparation et maintenance navale;306
33.16Z;Réparation et maintenance d'aéronefs et d'engins spatiaux ;307
33.17Z;Réparation et maintenance d'autres équipements de transport;308
33.19Z;Réparation d'autres équipements;309
33.20A;Installation de structures métalliques, chaudronnées et de tuyauterie;310
33.20B;Installation de machines et équipements mécaniques;311
33.20C;Conception d'ensemble et assemblage sur site industriel d'équipements de contrôle des processus industriels ;312
33.20D;Installation d'équipements électriques, de matériels électroniques et optiques ou d'autres matériels;313
35.11Z;Production d'électricité;314
35.12Z;Transport d'électricité;315
35.13Z;Distribution d'électricité;316
35.14Z;Commerce d'électricité;317
35.21Z;Production de combustibles gazeux;318
35.22Z;Distribution de combustibles gazeux par conduites;319
35.23Z;Commerce de combustibles gazeux par conduites;320
35.30Z;Production et distribution de vapeur et d'air conditionné ;321
36.00Z;Captage, traitement et distribution d'eau;322
37.00Z;Collecte et traitement des eaux usées;323
38.11Z;Collecte des déchets non dangereux;324
38.12Z;Collecte des déchets dangereux;325
38.21Z;Traitement et élimination des déchets non dangereux;326
38.22Z;Traitement et élimination des déchets dangereux;327
38.31Z;Démantèlement d'épaves;328
38.32Z;Récupération de déchets triés;329
41.10A;Promotion immobilière de logements;331
41.10B;Promotion immobilière de bureaux;332
41.10C;Promotion immobilière d'autres bâtiments;333
41.10D;Supports juridiques de programmes;334
41.20A;Construction de maisons individuelles;335
41.20B;Construction d'autres bâtiments;336
42.11Z;Construction de routes et autoroutes;337
42.12Z;Construction de voies ferrées de surface et souterraines;338
42.13A;Construction d'ouvrages d'art;339
42.13B;Construction et entretien de tunnels;340
42.21Z;Construction de réseaux pour fluides;341
42.22Z;Construction de réseaux électriques et de télécommunications;342
42.91Z;Construction d'ouvrages maritimes et fluviaux;343
42.99Z;Construction d'autres ouvrages de génie civil n.c.a.;344
43.11Z;Travaux de démolition;345
43.12A;Travaux de terrassement courants et travaux préparatoires;346
43.12B;Travaux de terrassement spécialisés ou de grande masse;347
43.13Z;Forages et sondages;348
43.21A;Travaux d'installation électrique dans tous locaux;349
43.21B;Travaux d'installation électrique sur la voie publique;350
43.22A;Travaux d'installation d'eau et de gaz en tous locaux;351
43.22B;Travaux d'installation d'équipements thermiques et de climatisation;352
43.29A;Travaux d'isolation;353
43.29B;Autres travaux d'installation n.c.a.;354
43.31Z;Travaux de plâtrerie;355
43.32A;Travaux de menuiserie bois et PVC;356
43.32B;Travaux de menuiserie métallique et serrurerie;357
43.32C;Agencement de lieux de vente;358
43.33Z;Travaux de revêtement des sols et des murs;359
43.34Z;Travaux de peinture et vitrerie;360
43.39Z;Autres travaux de finition;361
43.91A;Travaux de charpente;362
43.91B;Travaux de couverture par éléments;363
43.99A;Travaux d'étanchéification;364
43.99B;Travaux de montage de structures métalliques;365
43.99C;Travaux de maçonnerie générale et gros œuvre de bâtiment;366
43.99D;Autres travaux spécialisés de construction;367
43.99E;Location avec opérateur de matériel de construction;368
45.11Z;Commerce de voitures et de véhicules automobiles légers;369
45.19Z;Commerce d'autres véhicules automobiles;370
45.20A;Entretien et réparation de véhicules automobiles légers;371
45.20B;Entretien et réparation d'autres véhicules automobiles;372
45.31Z;Commerce de gros d'équipements automobiles;373
45.32Z;Commerce de détail d'équipements automobiles;374
45.40Z;Commerce et réparation de motocycles;375
46.11Z;Intermédiaires du commerce en matières premières agricoles, animaux vivants, matières premières textiles et produits semi-finis;376
46.12A;Centrales d'achat de carburant;377
46.12B;Autres intermédiaires du commerce en combustibles, métaux, minéraux et produits chimiques;378
46.13Z;Intermédiaires du commerce en bois et matériaux de construction;379
46.14Z;Intermédiaires du commerce en machines, équipements industriels, navires et avions;380
46.15Z;Intermédiaires du commerce en meubles, articles de ménage et quincaillerie;381
46.16Z;Intermédiaires du commerce en textiles, habillement, fourrures, chaussures et articles en cuir;382
46.17A;Centrales d'achat alimentaires;383
46.17B;Autres intermédiaires du commerce en denrées, boissons et tabac;384
46.18Z;Intermédiaires spécialisés dans le commerce d'autres produits spécifiques;385
46.19A;Centrales d'achat non alimentaires;386
46.19B;Autres intermédiaires du commerce en produits divers;387
46.21Z;Commerce de gros (commerce interentreprises) de céréales, de tabac non manufacturé, de semences et d'aliments pour le bétail ;388
46.22Z;Commerce de gros (commerce interentreprises) de fleurs et plantes;389
46.23Z;Commerce de gros (commerce interentreprises) d'animaux vivants;390
46.24Z;Commerce de gros (commerce interentreprises) de cuirs et peaux;391
46.31Z;Commerce de gros (commerce interentreprises) de fruits et légumes;392
46.32A;Commerce de gros (commerce interentreprises) de viandes de boucherie;393
46.32B;Commerce de gros (commerce interentreprises) de produits à base de viande;394
46.32C;Commerce de gros (commerce interentreprises) de volailles et gibier;395
46.33Z;Commerce de gros (commerce interentreprises) de produits laitiers, œufs, huiles et matières grasses comestibles;396
46.34Z;Commerce de gros (commerce interentreprises) de boissons;397
46.35Z;Commerce de gros (commerce interentreprises) de produits à base de tabac;398
46.36Z;Commerce de gros (commerce interentreprises) de sucre, chocolat et confiserie;399
46.37Z;Commerce de gros (commerce interentreprises) de café, thé, cacao et épices;400
46.38A;Commerce de gros (commerce interentreprises) de poissons, crustacés et mollusques;401
46.38B;Commerce de gros (commerce interentreprises) alimentaire spécialisé divers;402
46.39A;Commerce de gros (commerce interentreprises) de produits surgelés;403
46.39B;Commerce de gros (commerce interentreprises) alimentaire non spécialisé;404
46.41Z;Commerce de gros (commerce interentreprises) de textiles;405
46.42Z;Commerce de gros (commerce interentreprises) d'habillement et de chaussures;406
46.43Z;Commerce de gros (commerce interentreprises) d'appareils électroménagers;407
46.44Z;Commerce de gros (commerce interentreprises) de vaisselle, verrerie et produits d'entretien;408
46.45Z;Commerce de gros (commerce interentreprises) de parfumerie et de produits de beauté;409
46.46Z;Commerce de gros (commerce interentreprises) de produits pharmaceutiques;410
46.47Z;Commerce de gros (commerce interentreprises) de meubles, de tapis et d'appareils d'éclairage ;411
46.48Z;Commerce de gros (commerce interentreprises) d'articles d'horlogerie et de bijouterie;412
46.49Z;Commerce de gros (commerce interentreprises) d'autres biens domestiques ;413
46.51Z;Commerce de gros (commerce interentreprises) d'ordinateurs, d'équipements informatiques périphériques et de logiciels;414
46.52Z;Commerce de gros (commerce interentreprises) de composants et d'équipements électroniques et de télécommunication;415
46.61Z;Commerce de gros (commerce interentreprises) de matériel agricole;416
46.62Z;Commerce de gros (commerce interentreprises) de machines-outils;417
46.63Z;Commerce de gros (commerce interentreprises) de machines pour l'extraction, la construction et le génie civil ;418
46.64Z;Commerce de gros (commerce interentreprises) de machines pour l'industrie textile et l'habillement;419
46.65Z;Commerce de gros (commerce interentreprises) de mobilier de bureau;420
46.66Z;Commerce de gros (commerce interentreprises) d'autres machines et équipements de bureau ;421
46.69A;Commerce de gros (commerce interentreprises) de matériel électrique;422
46.69B;Commerce de gros (commerce interentreprises) de fournitures et équipements industriels divers;423
46.69C;Commerce de gros (commerce interentreprises) de fournitures et équipements divers pour le commerce et les services;424
46.71Z;Commerce de gros (commerce interentreprises) de combustibles et de produits annexes;425
46.72Z;Commerce de gros (commerce interentreprises) de minerais et métaux;426
46.73A;Commerce de gros (commerce interentreprises) de bois et de matériaux de construction ;427
46.73B;Commerce de gros (commerce interentreprises) d'appareils sanitaires et de produits de décoration;428
46.74A;Commerce de gros (commerce interentreprises) de quincaillerie;429
46.74B;Commerce de gros (commerce interentreprises) de fournitures pour la plomberie et le chauffage;430
46.75Z;Commerce de gros (commerce interentreprises) de produits chimiques;431
46.76Z;Commerce de gros (commerce interentreprises) d'autres produits intermédiaires;432
46.77Z;Commerce de gros (commerce interentreprises) de déchets et débris;433
46.90Z;Commerce de gros (commerce interentreprises) non spécialisé;434
47.11A;Commerce de détail de produits surgelés;435
47.11B;Commerce d'alimentation générale;436
47.11C;Supérettes;437
47.11D;Supermarchés;438
47.11E;Magasins multi-commerces;439
47.11F;Hypermarchés;440
47.19A;Grands magasins;441
47.19B;Autres commerces de détail en magasin non spécialisé;442
47.21Z;Commerce de détail de fruits et légumes en magasin spécialisé;443
47.22Z;Commerce de détail de viandes et de produits à base de viande en magasin spécialisé;444
47.23Z;Commerce de détail de poissons, crustacés et mollusques en magasin spécialisé;445
47.24Z;Commerce de détail de pain, pâtisserie et confiserie en magasin spécialisé;446
47.25Z;Commerce de détail de boissons en magasin spécialisé;447
47.26Z;Commerce de détail de produits à base de tabac en magasin spécialisé;448
47.29Z;Autres commerces de détail alimentaires en magasin spécialisé ;449
47.30Z;Commerce de détail de carburants en magasin spécialisé;450
47.41Z;Commerce de détail d'ordinateurs, d'unités périphériques et de logiciels en magasin spécialisé;451
47.42Z;Commerce de détail de matériels de télécommunication en magasin spécialisé;452
47.43Z;Commerce de détail de matériels audio et vidéo en magasin spécialisé;453
47.51Z;Commerce de détail de textiles en magasin spécialisé;454
47.52A;Commerce de détail de quincaillerie, peintures et verres en petites surfaces (moins de 400 m2);455
47.52B;Commerce de détail de quincaillerie, peintures et verres en grandes surfaces (400 m2et plus);456
47.53Z;Commerce de détail de tapis, moquettes et revêtements de murs et de sols en magasin spécialisé;457
47.54Z;Commerce de détail d'appareils électroménagers en magasin spécialisé;458
47.59A;Commerce de détail de meubles;459
47.59B;Commerce de détail d'autres équipements du foyer;460
47.61Z;Commerce de détail de livres en magasin spécialisé;461
47.62Z;Commerce de détail de journaux et papeterie en magasin spécialisé;462
47.63Z;Commerce de détail d'enregistrements musicaux et vidéo en magasin spécialisé;463
47.64Z;Commerce de détail d'articles de sport en magasin spécialisé;464
47.65Z;Commerce de détail de jeux et jouets en magasin spécialisé;465
47.71Z;Commerce de détail d'habillement en magasin spécialisé;466
47.72A;Commerce de détail de la chaussure;467
47.72B;Commerce de détail de maroquinerie et d'articles de voyage;468
47.73Z;Commerce de détail de produits pharmaceutiques en magasin spécialisé;469
47.74Z;Commerce de détail d'articles médicaux et orthopédiques en magasin spécialisé;470
47.75Z;Commerce de détail de parfumerie et de produits de beauté en magasin spécialisé;471
47.76Z;Commerce de détail de fleurs, plantes, graines, engrais, animaux de compagnie et aliments pour ces animaux en magasin spécialisé;472
47.77Z;Commerce de détail d'articles d'horlogerie et de bijouterie en magasin spécialisé;473
47.78A;Commerces de détail d'optique;474
47.78B;Commerces de détail de charbons et combustibles;475
47.78C;Autres commerces de détail spécialisés divers;476
47.79Z;Commerce de détail de biens d'occasion en magasin;477
47.81Z;Commerce de détail alimentaire sur éventaires et marchés;478
47.82Z;Commerce de détail de textiles, d'habillement et de chaussures sur éventaires et marchés;479
47.89Z;Autres commerces de détail sur éventaires et marchés;480
47.91A;Vente à distance sur catalogue général;481
47.91B;Vente à distance sur catalogue spécialisé;482
47.99A;Vente à domicile;483
47.99B;Vente par automates et autres commerces de détail hors magasin, éventaires ou marchés n.c.a.;484
49.10Z;Transport ferroviaire interurbain de voyageurs;485
49.20Z;Transports ferroviaires de fret ;486
49.31Z;Transports urbains et suburbains de voyageurs;487
49.32Z;Transports de voyageurs par taxis;488
49.39A;Transports routiers réguliers de voyageurs;489
49.39B;Autres transports routiers de voyageurs ;490
49.39C;Téléphériques et remontées mécaniques;491
49.41A;Transports routiers de fret interurbains;492
49.41B;Transports routiers de fret de proximité;493
49.41C;Location de camions avec chauffeur;494
49.42Z;Services de déménagement;495
49.50Z;Transports par conduites;496
50.10Z;Transports maritimes et côtiers de passagers;497
50.20Z;Transports maritimes et côtiers de fret;498
50.30Z;Transports fluviaux de passagers;499
50.40Z;Transports fluviaux de fret ;500
51.10Z;Transports aériens de passagers;501
51.21Z;Transports aériens de fret;502
51.22Z;Transports spatiaux;503
52.10A;Entreposage et stockage frigorifique;504
52.10B;Entreposage et stockage non frigorifique;505
52.21Z;Services auxiliaires des transports terrestres;506
52.22Z;Services auxiliaires des transports par eau;507
52.23Z;Services auxiliaires des transports aériens;508
52.24A;Manutention portuaire;509
52.24B;Manutention non portuaire;510
52.29A;Messagerie, fret express;511
52.29B;Affrètement et organisation des transports ;512
53.10Z;Activités de poste dans le cadre d'une obligation de service universel ;513
53.20Z;Autres activités de poste et de courrier;514
55.10Z;Hôtels et hébergement similaire ;515
55.20Z;Hébergement touristique et autre hébergement de courte durée ;516
55.30Z;Terrains de camping et parcs pour caravanes ou véhicules de loisirs;517
55.90Z;Autres hébergements ;518
56.10A;Restauration traditionnelle;519
56.10B;Cafétérias et autres libres-services;520
56.10C;Restauration de type rapide;521
56.21Z;Services des traiteurs ;522
56.29A;Restauration collective sous contrat;523
56.29B;Autres services de restauration n.c.a.;524
56.30Z;Débits de boissons;525
58.11Z;Édition de livres;526
58.12Z;Édition de répertoires et de fichiers d'adresses;527
58.13Z;Édition de journaux;528
58.14Z;Édition de revues et périodiques;529
58.19Z;Autres activités d'édition;530
58.21Z;Édition de jeux électroniques;531
58.29A;Édition de logiciels système et de réseau;532
58.29B;Edition de logiciels outils de développement et de langages;533
58.29C;Edition de logiciels applicatifs;534
59.11A;Production de films et de programmes pour la télévision ;535
59.11B;Production de films institutionnels et publicitaires;536
59.11C;Production de films pour le cinéma;537
59.12Z;Post-production de films cinématographiques, de vidéo et de programmes de télévision;538
59.13A;Distribution de films cinématographiques;539
59.13B;Edition et distribution vidéo;540
59.14Z;Projection de films cinématographiques;541
59.20Z;Enregistrement sonore et édition musicale ;542
60.10Z;Édition et diffusion de programmes radio;543
60.20A;Edition de chaînes généralistes;544
60.20B;Edition de chaînes thématiques;545
61.10Z;Télécommunications filaires;546
61.20Z;Télécommunications sans fil ;547
61.30Z;Télécommunications par satellite;548
61.90Z;Autres activités de télécommunication ;549
62.01Z;Programmation informatique;550
62.02A;Conseil en systèmes et logiciels informatiques;551
62.02B;Tierce maintenance de systèmes et d’applications informatiques;552
62.03Z;Gestion d'installations informatiques;553
62.09Z;Autres activités informatiques;554
63.11Z;Traitement de données, hébergement et activités connexes;555
63.12Z;Portails Internet;556
63.91Z;Activités des agences de presse;557
63.99Z;Autres services d'information n.c.a.;558
64.11Z;Activités de banque centrale;559
64.19Z;Autres intermédiations monétaires;560
64.20Z;Activités des sociétés holding;561
64.30Z;Fonds de placement et entités financières similaires;562
64.91Z;Crédit-bail ;563
64.92Z;Autre distribution de crédit;564
64.99Z;Autres activités des services financiers, hors assurance et caisses de retraite, n.c.a.;565
65.11Z;Assurance vie;566
65.12Z;Autres assurances;567
65.20Z;Réassurance;568
65.30Z;Caisses de retraite;569
66.11Z;Administration de marchés financiers;570
66.12Z;Courtage de valeurs mobilières et de marchandises;571
66.19A;Supports juridiques de gestion de patrimoine mobilier;572
66.19B;Autres activités auxiliaires de services financiers, hors assurance et caisses de retraite, n.c.a.;573
66.21Z;Évaluation des risques et dommages;574
66.22Z;Activités des agents et courtiers d'assurances;575
66.29Z;Autres activités auxiliaires d'assurance et de caisses de retraite;576
66.30Z;Gestion de fonds;577
68.10Z;Activités des marchands de biens immobiliers;578
68.20A;Location de logements;579
68.20B;Location de terrains et d'autres biens immobiliers;580
68.31Z;Agences immobilières;581
68.32A;Administration d'immeubles et autres biens immobiliers;582
68.32B;Supports juridiques de gestion de patrimoine immobilier;583
69.10Z;Activités juridiques;584
69.20Z;Activités comptables;585
70.10Z;Activités des sièges sociaux;586
70.21Z;Conseil en relations publiques et communication;587
70.22Z;Conseil pour les affaires et autres conseils de gestion;588
71.11Z;Activités d'architecture ;589
71.12A;Activité des géomètres;590
71.12B;Ingénierie, études techniques;591
71.20A;Contrôle technique automobile;592
71.20B;Analyses, essais et inspections techniques;593
72.11Z;Recherche-développement en biotechnologie;594
72.19Z;Recherche-développement en autres sciences physiques et naturelles;595
72.20Z;Recherche-développement en sciences humaines et sociales;596
73.11Z;Activités des agences de publicité;597
73.12Z;Régie publicitaire de médias;598
73.20Z;Études de marché et sondages;599
74.10Z;Activités spécialisées de design;600
74.20Z;Activités photographiques;601
74.30Z;Traduction et interprétation;602
74.90A;Activité des économistes de la construction;603
74.90B;Activités spécialisées, scientifiques et techniques diverses;604
75.00Z;Activités vétérinaires;605
77.11A;Location de courte durée de voitures et de véhicules automobiles légers;606
77.11B;Location de longue durée de voitures et de véhicules automobiles légers;607
77.12Z;Location et location-bail de camions;608
77.21Z;Location et location-bail d'articles de loisirs et de sport ;609
77.22Z;Location de vidéocassettes et disques vidéo;610
77.29Z;Location et location-bail d'autres biens personnels et domestiques;611
77.31Z;Location et location-bail de machines et équipements agricoles;612
77.32Z;Location et location-bail de machines et équipements pour la construction;613
77.33Z;Location et location-bail de machines de bureau et de matériel informatique;614
77.34Z;Location et location-bail de matériels de transport par eau;615
77.35Z;Location et location-bail de matériels de transport aérien;616
77.39Z;Location et location-bail d'autres machines, équipements et biens matériels n.c.a. ;617
77.40Z;Location-bail de propriété intellectuelle et de produits similaires, à l'exception des œuvres soumises à copyright;618
78.10Z;Activités des agences de placement de main-d'œuvre ;619
78.20Z;Activités des agences de travail temporaire ;620
78.30Z;Autre mise à disposition de ressources humaines;621
79.11Z;Activités des agences de voyage;622
79.12Z;Activités des voyagistes;623
79.90Z;Autres services de réservation et activités connexes;624
80.10Z;Activités de sécurité privée ;625
80.20Z;Activités liées aux systèmes de sécurité ;626
80.30Z;Activités d'enquête;627
81.10Z;Activités combinées de soutien lié aux bâtiments ;628
81.21Z;Nettoyage courant des bâtiments;629
81.22Z;Autres activités de nettoyage des bâtiments et nettoyage industriel;630
81.29A;Désinfection, désinsectisation, dératisation;631
81.29B;Autres activités de nettoyage n.c.a.;632
81.30Z;Services d'aménagement paysager ;633
82.11Z;Services administratifs combinés de bureau;634
82.19Z;Photocopie, préparation de documents et autres activités spécialisées de soutien de bureau;635
82.20Z;Activités de centres d'appels;636
82.30Z;Organisation de foires, salons professionnels et congrès;637
82.91Z;Activités des agences de recouvrement de factures et des sociétés d'information financière sur la clientèle;638
82.92Z;Activités de conditionnement;639
82.99Z;Autres activités de soutien aux entreprises n.c.a.;640
84.11Z;Administration publique générale;641
84.12Z;Administration publique (tutelle) de la santé, de la formation, de la culture et des services sociaux, autre que sécurité sociale ;642
84.13Z;Administration publique (tutelle) des activités économiques;643
84.21Z;Affaires étrangères;644
84.22Z;Défense;645
84.23Z;Justice;646
84.24Z;Activités d’ordre public et de sécurité;647
84.25Z;Services du feu et de secours;648
84.30A;Activités générales de sécurité sociale;649
84.30B;Gestion des retraites complémentaires;650
84.30C;Distribution sociale de revenus;651
85.10Z;Enseignement pré-primaire;652
85.20Z;Enseignement primaire;653
85.31Z;Enseignement secondaire général;654
85.32Z;Enseignement secondaire technique ou professionnel;655
85.41Z;Enseignement post-secondaire non supérieur;656
85.42Z;Enseignement supérieur;657
85.51Z;Enseignement de disciplines sportives et d'activités de loisirs;658
85.52Z;Enseignement culturel;659
85.53Z;Enseignement de la conduite;660
85.59A;Formation continue d'adultes;661
85.59B;Autres enseignements;662
85.60Z;Activités de soutien à l'enseignement;663
86.10Z;Activités hospitalières;664
86.21Z;Activité des médecins généralistes;665
86.22A;Activités de radiodiagnostic et de radiothérapie;666
86.22B;Activités chirurgicales;667
86.22C;Autres activités des médecins spécialistes;668
86.23Z;Pratique dentaire;669
86.90A;Ambulances;670
86.90B;Laboratoires d'analyses médicales;671
86.90C;Centres de collecte et banques d'organes;672
86.90D;Activités des infirmiers et des sages-femmes;673
86.90E;Activités des professionnels de la rééducation, de l’appareillage et des pédicures-podologues;674
86.90F;Activités de santé humaine non classées ailleurs;675
87.10A;Hébergement médicalisé pour personnes âgées;676
87.10B;Hébergement médicalisé pour enfants handicapés ;677
87.10C;Hébergement médicalisé pour adultes handicapés et autre hébergement médicalisé  ;678
87.20A;Hébergement social pour handicapés mentaux et malades mentaux ;679
87.20B;Hébergement social pour toxicomanes;680
87.30A;Hébergement social pour personnes âgées;681
87.30B;Hébergement social pour handicapés  physiques;682
87.90A;Hébergement social pour enfants en difficultés ;683
87.90B;Hébergement social pour adultes et familles en difficultés et autre hébergement social ;684
88.10A;Aide à domicile  ;685
88.10B;Accueil ou accompagnement sans hébergement d’adultes handicapés ou de  personnes âgées;686
88.10C;Aide par le travail ;687
88.91A;Accueil de jeunes enfants;688
88.91B;Accueil ou accompagnement sans hébergement d’enfants handicapés;689
88.99A;Autre accueil ou accompagnement sans hébergement d’enfants  et d’adolescents ;690
88.99B;Action sociale sans hébergement n.c.a.;691
90.01Z;Arts du spectacle vivant;692
90.02Z;Activités de soutien au spectacle vivant;693
90.03A;Création artistique relevant des arts plastiques;694
90.03B;Autre création artistique;695
90.04Z;Gestion de salles de spectacles;696
91.01Z;Gestion des bibliothèques et des archives;697
91.02Z;Gestion des musées;698
91.03Z;Gestion des sites et monuments historiques et des attractions touristiques similaires;699
91.04Z;Gestion des jardins botaniques et zoologiques et des réserves naturelles;700
92.00Z;Organisation de jeux de hasard et d'argent;701
93.11Z;Gestion d'installations sportives;702
93.12Z;Activités de clubs de sports;703
93.13Z;Activités des centres de culture physique;704
93.19Z;Autres activités liées au sport;705
93.21Z;Activités des parcs d'attractions et parcs à thèmes;706
93.29Z;Autres activités récréatives et de loisirs;707
94.11Z;Activités des organisations patronales et consulaires;708
94.12Z;Activités des organisations professionnelles;709
94.20Z;Activités des syndicats de salariés;710
94.91Z;Activités des organisations religieuses;711
94.92Z;Activités des organisations politiques;712
94.99Z;Autres organisations fonctionnant par adhésion volontaire;713
95.11Z;Réparation d'ordinateurs et d'équipements périphériques;714
95.12Z;Réparation d'équipements de communication;715
95.21Z;Réparation de produits électroniques grand public;716
95.22Z;Réparation d'appareils électroménagers et d'équipements pour la maison et le jardin;717
95.23Z;Réparation de chaussures et d'articles en cuir;718
95.24Z;Réparation de meubles et d'équipements du foyer;719
95.25Z;Réparation d'articles d'horlogerie et de bijouterie;720
95.29Z;Réparation d'autres biens personnels et domestiques;721
96.01A;Blanchisserie-teinturerie de gros;722
96.01B;Blanchisserie-teinturerie de détail;723
96.02A;Coiffure;724
96.02B;Soins de beauté;725
96.03Z;Services funéraires;726
96.04Z;Entretien corporel;727
96.09Z;Autres services personnels n.c.a.;728
97.00Z;Activités des ménages en tant qu'employeurs de personnel domestique;729
98.10Z;Activités indifférenciées des ménages en tant que producteurs de biens pour usage propre;730
98.20Z;Activités indifférenciées des ménages en tant que producteurs de services pour usage propre;731
99.00Z;Activités des organisations et organismes extraterritoriaux;732
