Organization,Followed On
OCHA Centre for Humanitarian Data,Tue May 19 19:35:07 UTC 2026
Forge Agency,Fri May 08 17:43:23 UTC 2026
Nitrolabz,Mon Feb 16 20:41:52 UTC 2026
ANSSI - Agence nationale de la sécurité des systèmes d'information,Tue Nov 25 13:25:22 UTC 2025
SecurSense,Fri Nov 21 20:42:40 UTC 2025
eXalt Value,Sat Nov 15 16:13:00 UTC 2025
WEnvision,Sat Nov 15 16:12:00 UTC 2025
Les Résidences Yvelines Essonne,Sat Nov 01 20:33:35 UTC 2025
Bilendi,Sat Nov 01 20:32:11 UTC 2025
Skarlett,Sat Nov 01 20:31:29 UTC 2025
ME Group France,Sat Nov 01 20:30:49 UTC 2025
SQLI,Sat Nov 01 20:28:11 UTC 2025
Steef,Sat Nov 01 19:46:13 UTC 2025
OVENTI Consulting,Sat Nov 01 19:45:34 UTC 2025
NEO2 Digital,Sat Nov 01 19:45:04 UTC 2025
Onet Airport Services,Sat Nov 01 19:44:31 UTC 2025
SOFTEAM Expertise Data & IA,Sat Nov 01 19:44:14 UTC 2025
"RISKINTEL, LE CYBER MEDIA",Mon Oct 27 08:31:18 UTC 2025
DATA DECISION,Thu Oct 16 07:19:22 UTC 2025
Silae,Tue Oct 14 06:24:08 UTC 2025
Takadao,Tue Sep 30 07:18:28 UTC 2025
KMY ascenseurs,Fri Sep 26 21:40:08 UTC 2025
My Pitch Academy,Sun Sep 21 12:30:16 UTC 2025
DSI Group,Wed Sep 03 19:00:18 UTC 2025
Islam Channel,Sat Aug 30 14:55:57 UTC 2025
GreenYellow France,Thu Aug 21 16:40:41 UTC 2025
Save the Children UK,Tue Aug 12 16:11:05 UTC 2025
MS Dépannage,Thu Aug 07 16:01:54 UTC 2025
BuildPalestine,Thu Aug 07 04:21:32 UTC 2025
Ears 360,Wed Aug 06 21:44:19 UTC 2025
GAZA EN FRANÇAIS 🍉,Mon Aug 04 20:22:44 UTC 2025
POSITIVE ENERGIE SAS,Sat Aug 02 22:20:51 UTC 2025
Stand With Palestine,Wed Jul 30 23:38:25 UTC 2025
Brut.,Mon Nov 24 07:06:55 UTC 2025
OpenAI,Tue Jul 29 02:21:32 UTC 2025
Antoine BM,Thu Jul 24 11:55:25 UTC 2025
Amnesty International France,Sat Jul 19 08:18:19 UTC 2025
BNK TRANSPORTS,Sat Jun 28 22:53:27 UTC 2025
Kunto,Wed Jun 25 11:56:14 UTC 2025
The Garage | الكــراج,Mon Jun 23 16:36:17 UTC 2025
Urgo Medical,Wed Jun 18 07:48:48 UTC 2025
Spendesk,Wed Jun 18 07:46:45 UTC 2025
"Zip, a puzzle by LinkedIn",Sun Jun 15 11:34:13 UTC 2025
QUANTEAM (Groupe RAINBOW PARTNERS),Sun Jun 15 11:33:03 UTC 2025
SOFTEAM,Sun Jun 15 11:31:50 UTC 2025
Visian,Sun Jun 15 11:27:34 UTC 2025
GROUPE ALLIANCE,Sun Jun 15 11:26:33 UTC 2025
DPD France,Sun Jun 15 11:25:52 UTC 2025
VivaTech,Thu Jun 12 21:16:40 UTC 2025
Sibylone,Thu Jun 12 11:46:09 UTC 2025
CLEEVEN,Thu Jun 12 11:45:48 UTC 2025
Confidential,Fri Jun 06 10:16:28 UTC 2025
Vallourec,Mon Nov 24 07:06:39 UTC 2025
Datatorii,Mon Nov 24 07:06:38 UTC 2025
Laverne Group | مجموعة لافيرن,Mon Nov 24 07:06:37 UTC 2025
Beelix,Sat Nov 01 20:26:38 UTC 2025
Eulidia,Mon May 19 10:57:06 UTC 2025
CERBA,Mon Nov 24 07:06:30 UTC 2025
Red Sea Gateway Terminal,Mon Nov 24 07:06:31 UTC 2025
Salehiya Healthcare,Mon Nov 24 07:06:31 UTC 2025
Ministry of Public Health - Qatar,Thu May 15 14:48:51 UTC 2025
WHIZE,Thu Jun 12 11:42:59 UTC 2025
Valiuz,Fri May 09 13:42:28 UTC 2025
agap2IT France,Fri May 09 13:40:45 UTC 2025
Odiin.,Fri Apr 18 12:53:07 UTC 2025
Hugging Face,Thu Apr 10 17:38:35 UTC 2025
Extra Mile Consultancy,Thu Feb 27 13:44:11 UTC 2025
I-CAPITALRIZQ,Wed Jan 15 05:06:12 UTC 2025
Latribu,Fri Nov 08 21:57:04 UTC 2024
DataSuits,Wed Oct 23 12:37:13 UTC 2024
Parlons IA,Thu Aug 22 08:46:23 UTC 2024
AMBITION GULF,Mon Nov 24 07:06:14 UTC 2025
AIESEC in France,Mon Nov 24 07:06:07 UTC 2025
Polycea,Wed Jun 07 10:59:28 UTC 2023
ITNOVEM.,Wed Jun 07 10:08:33 UTC 2023
Saudia Cargo,Tue Mar 21 16:00:00 UTC 2023
ChatGPT & AI News,Fri Jan 13 09:46:40 UTC 2023
LinkedIn Actualités,Mon Oct 31 08:14:44 UTC 2022
Groupe SNCF,Mon Oct 10 20:41:13 UTC 2022
FHAMM,Mon Oct 10 20:40:58 UTC 2022
IFAAS (Islamic Finance Advisory & Assurance Services),Thu Jul 14 13:12:16 UTC 2022
Forum CentraleSupélec,Mon Mar 21 13:31:48 UTC 2022
X-Forum,Mon Mar 21 13:31:38 UTC 2022
What's AI by Louis-François Bouchard,Thu Mar 17 08:31:20 UTC 2022
Université Paris-Saclay,Sat Feb 19 15:08:38 UTC 2022
Université PSL,Sat Feb 19 13:30:13 UTC 2022
Académie des sciences,Sat Feb 19 13:30:05 UTC 2022
ITforBusiness,Mon Nov 24 07:05:56 UTC 2025
King Fahd University of Petroleum & Minerals - KFUPM,Wed Feb 16 20:36:53 UTC 2022
King AbdulAziz University,Wed Feb 16 20:36:23 UTC 2022
IEGA - Institut d'études de géopolitique appliquée,Wed Feb 16 20:04:15 UTC 2022
IRIS - Institut de relations internationales et stratégiques,Wed Feb 16 20:03:48 UTC 2022
Ifri - Institut français des relations internationales,Wed Feb 16 20:03:31 UTC 2022
ISAE-SUPAERO,Wed Feb 16 19:51:17 UTC 2022
Pôle égalité des chances de l'École polytechnique,Wed Feb 16 19:50:29 UTC 2022
Laboratoire de Physique des Plasmas,Wed Feb 16 19:50:21 UTC 2022
SNCF Voyageurs,Sat Sep 18 17:03:17 UTC 2021
LEBIGDATA.FR,Wed Jul 28 22:27:55 UTC 2021
Web Developer,Mon Feb 15 20:01:32 UTC 2021
Alumni ECE,Thu Oct 08 04:02:00 UTC 2020
JEECE,Wed Sep 30 23:11:56 UTC 2020
Unis Pour Agir (UPA),Wed Sep 30 23:11:33 UTC 2020
ECE Apprentis,Wed Sep 30 23:10:19 UTC 2020
Nova ECE,Wed Sep 30 23:09:35 UTC 2020
Institut des Hautes Études Scientifiques - IHES,Wed Sep 30 23:06:52 UTC 2020
OMNES Education,Mon Sep 28 17:35:40 UTC 2020
Apple,Sat Sep 26 21:30:13 UTC 2020
Orange,Thu Sep 24 14:42:30 UTC 2020
Airbus Aircraft,Thu Sep 24 14:38:57 UTC 2020
Microsoft,Thu Sep 24 14:36:26 UTC 2020
United Nations Volunteers,Thu Sep 24 14:36:22 UTC 2020
NASA - National Aeronautics and Space Administration,Thu Sep 24 14:36:17 UTC 2020
TotalEnergies,Thu Sep 24 14:36:16 UTC 2020
ECE. Ecole d'ingénieurs. Engineering School.,Thu Sep 24 14:33:39 UTC 2020