Content Title,Content Description,Content Type,Content Last Watched Date (if viewed),Content Completed At (if completed),Content Saved,Notes taken on videos (if taken),
Pause-café : Le cloud computing,"Vous entendez beaucoup parler du cloud et vous aimeriez rapidement comprendre ce que c'est ? Grâce à ces 4 vidéos, découvrez en seulement 15 minutes les notions clés du cloud telles que le stockage et la sécurité, ainsi que les différences entre cloud public et cloud privé.<br><br>
 
Ces 4 vidéos sont extraites des formations suivantes :<br>
- <a href=""https://www.linkedin.com/learning/decouvrir-microsoft-azure-2"">Découvrir Microsoft Azure</a><br>
- <a href=""https://www.linkedin.com/learning/decouvrir-le-cloud-computing-les-plateformes-cloud-privees"">Découvrir le cloud computing : Les plateformes cloud privées</a><br>
- <a href=""https://www.linkedin.com/learning/decouvrir-le-cloud-computing-le-stockage"">Découvrir le cloud computing : Le stockage</a> <br>
- <a href=""https://www.linkedin.com/learning/decouvrir-le-cloud-computing-la-securite"">Découvrir le cloud computing : La sécurité</a>",Course,2020-10-29 21:47 UTC,N/A,false,N/A,
SQL Practice: Intermediate Queries,"Looking to boost your skills writing queries in SQL? This course was made for you. Join senior LinkedIn Learning staff instructor Scott Simpson in this hands-on, interactive, skills-first coding course designed uniquely for intermediate SQL developers. Explore techniques for writing queries in SQL to boost your technical know-how or prepare for an interview to land a new role. This course includes Code Challenges powered by CoderPad: interactive coding exercises with real-time feedback, so you can get hands-on coding practice to advance your coding skills. Scott helps you develop your skills as a SQL programmer with five specific, query-focused coding challenges. Practice finding your top customers, listing items in each order, sorting orders by day, seasonal sales, and vendor integration.",Course,2025-10-16 21:45 UTC,N/A,false,N/A,
Agile au travail : Planifier avec des user stories agiles		,"Les équipes de projets agiles créent des user stories courtes pour planifier le travail à faire dans les sprints à venir. Dans cette formation, Doug Rose, expert en agilité, vous explique comment rédiger vos user stories et comment les prioriser dans votre backlog. Il vous montre également les principaux écueils à éviter dans la planification de vos projets agiles.",Course,2021-07-28 12:44 UTC,N/A,false,N/A,
L'essentiel de SQL,"Dans cette formation exhaustive de Rudi Bruchez, vous découvrirez le langage SQL de gestion de bases de données relationnelles. Après un rappel des notions de base et des explications concernant ce type de bases de données, vous vous plongerez sans tarder dans les notions pratiques de requête et de travail avec les tables, de recherche, de regroupement et de modification de données, ainsi que dans l'emploi des sous-requêtes. À la fin de chaque chapitre, vous aurez l'occasion de mettre en pratique les connaissances acquises grâce à des exercices.",Course,2023-02-26 08:58 UTC,N/A,false,N/A,
La sécurité informatique et cybersécurité : Niveau avancé,"En tant que responsable de la sécurité ou DSI, vous devez mettre en place une politique de cybersécurité pour répondre aux menaces qui pèsent sur votre informatique. Pour cela, Pierre Cabantous vous propose de faire un tour de la cybersécurité en entreprise. Dans ce cours, vous étudierez la démarche d'un pirate, avant et après l'intrusion dans un système, à la suite de l'exploitation d'une vulnérabilité. Vous verrez comment gérer ces vulnérabilités par rapport à un niveau de risque que vous apprendrez à calculer. Vous aborderez aussi une des principales menaces encourues aujourd'hui par tout service accessible en ligne : les attaques par déni de service. Puis vous découvrirez comment protéger votre organisation aux niveaux technique et organisationnel, en suivant des bonnes pratiques, des process ainsi que des normes européennes comme le RGPD.</br></br>
Une nouvelle formation est maintenant disponible : <a href=""https://www.linkedin.com/learning/la-securite-informatique-et-cybersecurite-dans-les-organisations-26958324"" target=""_blank"">La sécurité informatique et cybersécurité dans les organisations</a>",Course,2023-02-16 09:32 UTC,N/A,false,N/A,
Créer un planning avec Excel (Microsoft 365/Office 365),"Et si vous vous lanciez dans la création d'un planning avec Excel, le tableur de Microsoft ? Avec cette formation de Martial Auroy, vous suivrez, pas-à-pas et avec des exemples concrets, les différentes étapes de conception, à commencer par la structure même du planning. Vous verrez comment établir et saisir des listes de tâches et calculer des durées et des dates en tenant compte de différents facteurs comme les jours fériés. Puis, vous établirez le calendrier et vous apprendrez à afficher des informations pertinentes comme le numéro de semaine, les jours, les week-ends et autres. Enfin, vous vous lancerez également dans l'élaboration d'un diagramme de Gantt.",Course,2021-06-02 08:23 UTC,N/A,false,N/A,
Critical Thinking for Better Judgment and Decision-Making,"The pace of change and volume of information we encounter in daily life make it hard to think through decisions. Instead, people often rely on biases and rules of thumb, which trap them into drawing faulty conclusions. The most successful teams use critical thinking—objective and rational analysis—to illuminate the wisest conclusions. This course prepares leaders to hone the critical thinking skills of their entire organization. Learn how to upgrade critical thinking to avoid deceiving fallacies, spot misleading cognitive biases, craft better arguments, hone judgment, and improve decision-making. Instructor Becki Saltzman teaches skills that will improve how your company or team innovates, tackles challenges, and responds to change.",Course,2021-01-15 07:36 UTC,N/A,false,N/A,
L'essentiel de Navisworks,"Vous souhaitez visualiser correctement vos maquettes en détail ? Vous en avez assez de découvrir sur un chantier que vous avez oublié de prévoir une réservation ? Vous constatez un conflit entre les gaines et le plafond ? Si vous avez déjà rêvé de construire votre projet virtuellement et en temps réel, découvrez ce cours sur Navisworks. Lamia Neeka, architecte BIM manager, vous donne les clés pour réussir la modélisation et la simulation de vos maquettes. Vous verrez comment tirer parti des fonctionnalités du logiciel, manipuler les commandes, effectuer des visites virtuelles et créer des animations. Vous apprendrez aussi à traiter la détection de conflits et à intégrer vos tâches de planning dans votre maquette.",Course,2021-04-24 17:20 UTC,N/A,false,N/A,
Créer des API RESTful,"Facilitez la création et l'intégration de logiciels d'applications à l'aide des API RESTful, ou API REST. Découvrez ce cours qui va vous permettre de développer simplement ces interfaces de programmation pour vos applications web. Christophe Gigax, MVP Microsoft et architecte logiciel, vous fait part des bonnes pratiques à mettre en place, des pratiques de documentation et de testing automatique ainsi que de ses recommandations pour concevoir efficacement des API RESTful (API Representational State Transfer).",Course,2022-03-13 13:43 UTC,N/A,false,N/A,
La transformation numérique : L'enjeu du big data,"Vous vous demandez ce qui se cache derrière les termes de transformation numérique ou digitale, de machine learning et de big data ? Franck Bardol vous aide à mieux comprendre ces termes, cités sans relâche dans l'actualité des entreprises. Tout au long de cette formation, vous étudierez dans le détail les stratégies à mettre en place pour réussir votre transformation digitale. Chaque outil et chaque point clé seront accompagnés d'exemples concrets des business B2B et B2C. Ainsi, vous pourrez imaginer des produits ou services plus innovants dans le but de révolutionner votre modèle d'affaires.",Course,2020-10-28 14:55 UTC,N/A,false,N/A,
Comprendre l'impact des vidéos deep fake,"Imaginez ne pas pouvoir vous fier à ce que vous voyez ou entendez lorsque vous regardez une vidéo en ligne. Les deep fakes sont des médias manipulés, vidéo ou audio, dans lesquels une personne a été remplacée par l'image de quelqu'un d'autre pour faire croire qu'elle a dit ou fait quelque chose qui n'a jamais eu lieu. Les vidéos deep fake utilisent l'intelligence artificielle et peuvent être très convaincantes, même pour un œil exercé. Lorsqu'elles sont utilisées pour tromper le public, les vidéos deep fake peuvent avoir des conséquences désastreuses. Cependant, elles peuvent aussi avoir des avantages, comme offrir des reprises de tournage assistées par l'IA. Dans ce cours d'introduction, notre experte spécialisée dans l'audiovisuel Ashley Kennedy présente les dangers et avantages des vidéos deep fake. Elle donne également une vue d'ensemble de la technologie du deep fake et propose des outils pour identifier les vidéos deep fake, ainsi que des conseils sur la marche à suivre si vous soupçonnez ou repérez une vidéo deep fake.",Course,2021-12-10 16:49 UTC,N/A,false,N/A,
"10 minutes, un livre : 6 activités matinales indispensables","Si elles sont bien choisies, les activités que vous réalisez à votre réveil, votre routine matinale, ont le pouvoir de vous pousser rapidement vers vos objectifs. Dédiez ce temps précieux à des activités fondamentales pour votre développement personnel. C’est la personne que vous devenez qui définit le succès que vous allez rencontrer. Idéalement, dédiez 60 minutes à votre Miracle Morning. Voilà une suggestion de Hal Elrod pour structurer votre rituel du matin. 
</br>
Cette formation a été créée par Mind Parachutes. Nous sommes ravis d'héberger ce contenu sur notre plateforme.",Course,2021-06-08 09:20 UTC,N/A,false,N/A,
Excel Supply Chain Analysis: Solving Transportation Problems,"<p>Microsoft Excel can be a secret advantage when it comes to solving complex supply chain challenges. Follow along with instructor Curt Frye as he shows how to use the Excel Solver add-in to minimize transportation and transshipment costs within a supply chain. Curt covers a range of topics, including how to analyze fixed costs and facility opening decisions, enforce level of service constraints, and perform scenario analysis. He also provides problem scenarios for you to solve, then goes through the solutions for each. After watching this course and working through the examples, you'll be able to describe the techniques specialized supply chain programs use to arrive at their results.</p><p>This course is part of a <a href=""https://www.linkedin.com/learning/paths/cscmp-supply-chain-foundations-transportation-professional-certificate?u=104"" target=""_blank"">Professional Certificate</a> from CSCMP.</p>",Course,2025-05-25 15:02 UTC,N/A,false,N/A,
Illustrator 2021 New Features,"Curious about what Illustrator 2021 has to offer? This course lays out some of the most notable features and enhancements packed into the 2021 desktop and iPad versions of the popular vector graphics software. Instructor Tony Harmer goes over the new cloud documents in Adobe Illustrator on the desktop, which make automatic saving, working offline, and version history easier to manage. He discusses several new features on the desktop and covers a few under-the-hood enhancements. He then digs into the features on the iPad, highlighting new drawing options, tools that previously existed on the desktop and now have a home in the iPad version of Illustrator, and more.",Course,2025-04-30 14:26 UTC,N/A,false,N/A,
Dessiner et peindre avec Photoshop,"Avec Jérôme Bareille, partez à la découverte des outils de dessin de Photoshop CC. Dans cette formation destinée aux illustrateurs et aux graphistes, vous découvrirez le flux de travail complet, à commencer par la création du document puis la configuration de l'espace de travail et de votre tablette graphique. Après avoir visité les innombrables options et possibilités des pinceaux et des formes, vous verrez comment travailler la couleur et le contraste. Vous aborderez également les calques ainsi que des extensions spécialisées. À la fin de cette formation, vous serez prêt à vous lancer dans le dessin avec Photoshop CC.",Course,2020-10-10 05:13 UTC,N/A,false,N/A,
Découvrir l'analyse de données,"Les données sont importantes pour comprendre les enjeux et les défis dans notre société. Elles nous permettent de prendre des décisions stratégiques et d'être en mesure de mener des analyses pertinentes. Si vous souhaitez devenir data analyst ou que vous souhaitez vous orienter vers les métiers de la data science en général, ce cours représentera une brique essentielle dans votre cursus d'apprentissage. Omar Souissi, professeur associé en technologie de l'information et techniques d'optimisation, vous accompagne tout au long de cette formation adaptée de l'originale de Robin Hunt. Ensemble, vous allez étudier les principes de base ainsi que la méthodologie à suivre pour réussir vos projets d'analyse de données.",Course,2021-01-12 21:45 UTC,N/A,false,N/A,
Diriger comme un patron / une patronne,"Un patron est une personne qui dirige et qui commande. Il peut être soit un directeur, soit un supérieur hiérarchique. Ses responsabilités sont de connaître la direction dans laquelle il dirige son équipe et d'exercer son autorité avec légitimité. Le chef devra faire ses preuves auprès des nouvelles équipes et prouver qu'il mérite son poste ainsi que le respect. Dans ce cours, Laurent Storch partage avec vous de nombreux conseils pratiques issus de tous les enseignements qu'il a suivis et reçus. Expérimenté en management depuis plus de 30 ans, il vous donne ses recommandations afin de vous aider à conquérir le cœur de vos équipes et à accomplir de grandes choses avec elles.",Course,2020-12-31 20:20 UTC,N/A,false,N/A,
Apprendre à être accessible,"Si vous avez du mal à vous ouvrir et à aller vers les autres, alors suivez les conseils prodigués par Laurent Storch. Tout au long de cette formation, vous apprendrez à réfléchir et à analyser votre accessibilité et votre comportement en société. Puis, progressivement, vous aborderez des techniques et des méthodes qui vous permettront d'adopter la bonne attitude, de briser la glace et de démarrer une conversation. Cela passera par une remise en question et des efforts de votre part, mais vous offrira les clés vers le succès et la chance.",Course,2021-02-08 17:32 UTC,N/A,false,N/A,
Python pour la data science,"Omar Souissi vous invite à le suivre dans cette formation consacrée au langage de programmation Python dans le cadre de la data science. Après un rappel de ce qu'est la data science et du rôle que Python y joue, vous aborderez un certain nombre d'opérations de base et vous procéderez à la collecte, à la manipulation et à la visualisation de différents types de données. Puis, vous vous initierez progressivement au machine learning et, enfin, au deep learning. Vous aborderez tout au long de cette formation des outils et des bibliothèques dédiés comme NumPy, Pandas, Matplotlib et TensorFlow.",Course,2020-10-10 05:14 UTC,N/A,false,N/A,
Angular : Les templates,"Si vous souhaitez développer avec Angular 2, suivez cette formation d'Emmanuel Henri. Destinée aux développeurs web ayant déjà une bonne expérience du HTML et des CSS, elle vous permettra d'aborder plus facilement Angular grâce à ses templates. Après avoir assimilé les principes de base des templates, vous étudierez en détail la syntaxe des directives et les notions de data binding. Puis, vous vous initierez aux techniques d'animation et vous bâtirez un projet en vous reposant sur des exemples concrets. À la fin de cette formation, vous aurez toutes les cartes en main pour développer des applications web et pour progresser avec Angular 2.",Course,2021-02-01 06:53 UTC,N/A,false,N/A,
Découvrir Python 3,"Dans cette formation de Rudi Bruchez, découvrez le langage Python ! Il s’agit d’un langage très agréable et simple à apprendre. Vous découvrirez Python de façon interactive à travers son invite de commande, puis de façon plus complexe avec l’utilisation de scripts. Vous apprendrez la programmation orientée objet, ainsi que l'utilisation des structures de données comme les dictionnaires, la gestion des erreurs et la création des classes. Bref, vous aborderez les points essentiels pour bien démarrer avec Python !",Course,2020-12-01 16:23 UTC,N/A,false,N/A,
L'essentiel de Python 3 (2018),"Si vous désirez démarrer avec un langage de programmation simple d'un point de vue syntaxique et très peu typé, découvrez cette formation sur Python 3. Denis Réant vous accompagne dans la prise en main de ce langage qui permet d'effectuer de simples programmes, jusqu'à l'écriture complète d'un système d'exploitation tel qu'Ubuntu de Linux. Ensemble, vous aborderez les structures de contrôle, les tuples, les listes, les dictionnaires et les itérateurs. Vous découvrirez aussi les fonctions, les classes ainsi que la programmation orientée objet. Puis, vous mettrez en place vos premières applications graphiques en utilisant la bibliothèque Tkinter. Vous vous initierez à la data science grâce aux nombreuses bibliothèques scientifiques mises à disposition par la communauté. Enfin, vous apprendrez à utiliser la bibliothèque PyQt5 qui vous permettra d'effectuer des interfaces graphiques en Python tout en introduisant des syntaxes propres à l'environnement Qt.",Course,2022-02-20 15:21 UTC,N/A,false,N/A,
Excel : Les tableaux croisés dynamiques (2018),"Avec Aurélien Delaux, partez à la découverte des tableaux croisés dynamiques (TCD), un puissant outil de gestion de données proposé par Excel 365. Toujours très axées sur la pratique, les vidéos présentées ici vous permettront de créer et de tirer parti des TCD, tout en facilitant l'accès aux données et en soignant leur présentation. Au terme de cette formation accompagnée d'exercices, vous aurez toutes les cartes en main pour exploiter la puissance des TCD.",Course,2021-01-15 07:36 UTC,N/A,false,N/A,
Power BI : Maîtriser les fonctions de la Time Intelligence du DAX,"Dans cette formation d'André Meyer, vous aborderez la notion de Time Intelligence du DAX, le langage de la solution d'analyse de données Microsoft Power BI. Dans un premier temps, vous aborderez les conventions du langage et les notions de tables de temps, avant d'importer les données. Puis à l'aide de CALCULATE, de motifs et de fonctions, vous apprendrez à maîtriser le temps. Vous effectuerez également des analyses de type Time Intelligence, notamment avec des calculs de cumul, de variation et de moyenne à date. À la fin de cette formation, vous maîtriserez les fonctions de Time Intelligence du langage DAX.",Course,2022-03-28 13:59 UTC,N/A,false,N/A,
Python Practice: Object-Oriented Programming,"<p>Python is a popular programming language that can be used to work with data, build applications, and solve problems, on many types of devices. This code challenge with Scott Simpson, Senior Staff Instructor at LinkedIn Learning, is designed to help you test your knowledge of object-oriented programming in Python. The course includes five code challenges that cover the concepts around object-oriented programming. You can build and test your solutions to these challenges in the built-in interactive coding environment without needing any special software. When you finish each challenge, you can watch solution videos to see how they were solved. Are you ready to try out your Python object-oriented programming skills?</p>
<p>This course includes Code Challenges powered by CoderPad. Code Challenges are interactive coding exercises with real-time feedback, so you can get hands-on coding practice alongside the course content to advance your programming skills.</p>",Course,2025-04-09 10:04 UTC,N/A,false,N/A,
L'essentiel du HTML5 ,"Si vous êtes développeur web, débutant ou confirmé, découvrez le langage HTML5, avec lequel vous allez bâtir vos sites Internet. Après avoir abordé son rôle et son histoire, Damien Bruyndonckx détaillera son fonctionnement. Vous entrerez alors dans le vif du sujet à l'aide d'exemples concrets. Vous apprendrez à insérer des champs de texte puis vous verrez comment ajouter du contenu multimédia. Vous structurerez les pages, vous incorporerez des liens et vous créerez des formulaires. Après avoir finalisé le site, vous aborderez également les outils permettant d'améliorer l'accessibilité, notamment pour les personnes souffrant de déficiences visuelles, auditives ou motrices.",Course,2021-08-18 21:37 UTC,N/A,false,N/A,
SQL avancé pour les data scientists,"Si, en tant que data scientist, vous souhaitez vous former au langage SQL et tirer parti des données relationnelles, alors suivez cette formation de Madjid Khichane. Après avoir abordé l'intérêt de SQL dans le domaine de la data science, vous procéderez à son installation, à sa configuration puis vous mettrez en place un projet. Au fur et à mesure des explications de votre formateur et de ses nombreux exemples concrets, vous apprendrez à rechercher des données et à effectuer des requêtes SQL, tout en mettant en œuvre des opérateurs.",Course,2021-04-26 03:05 UTC,N/A,false,N/A,
Azure for DevOps: Containers,"Containers are becoming a ubiquitous format for packaging applications. They democratize the cloud, as containerized applications can be lifted and shifted more easily than traditional applications. This course explains how to leverage the container-based technologies in Microsoft Azure, including the popular Azure Kubernetes Service (AKS), and study for the container-specific objectives from the Azure for DevOps (AZ-400) certification exam. Learn how to build and run secure containerized applications in Dockerfiles, create an Azure Container Registry (ACR) to enable version control and build management, and host your containerized apps from an Azure Container Instance (ACI). In the fourth chapter, instructor Karl Ots—an Azure MVP and Microsoft Regional Director—explains how to deploy apps to Azure Kubernetes Services. Along the way, he introduces the security features for containerized apps in Azure, such as ACR security controls and secrets management for ACI and AKS.<br><br>

Learn more about the AZ-400 exam at <a href=""https://docs.microsoft.com/en-us/learn/certifications/exams/az-400"" target=""_blank"">https://docs.microsoft.com/en-us/learn/certifications/exams/az-400</a>.",Course,2020-10-01 18:31 UTC,N/A,false,N/A,
SQL : Défis code (2020),"Écrire des requêtes SQL, c'est avant tout penser en SQL. Prendre une question, comme « Trouver des participants à des formations en 2011 qui n'ont pas participé à des formations en 2012 », et la traduire en relations, jointures, sous-requêtes, c'est toute une façon de penser. En compagnie de Rudi Bruchez, relevez 14 défis SQL pour évaluer votre capacité à jouer avec les syntaxes et les particularités du langage SQL. Vous obtiendrez ainsi ce que vous voulez des données de vos tables.",Course,2022-08-31 20:22 UTC,N/A,false,N/A,
JavaScript: Hashmaps,"Hashmaps are a very useful data structure in programming languages. In JavaScript, data is stored in key-value pairs, using hashmaps to allow for quick retrieval of data. In this course, software engineer and web evangelist Tiffany Graves covers what hashmaps are and why they are used. Learn how the built-in functions for hashmaps, get() and set(), offer quick data retrieval, which leads to an optimal time complexity. Explore the relatively optimal space complexity of Hashmaps in JavaScript, as well.  Plus, dive into a discussion of hashing and the basics of what a hash function is.",Course,2024-09-27 08:12 UTC,N/A,false,N/A,
Microsoft Cybersécurité : La sécurité et défense de Windows,"Dans cette formation qui s'adresse aux responsables d'environnements Windows, vous découvrirez toutes les facettes des menaces et les moyens à mettre en œuvre pour protéger votre système d'exploitation Microsoft. Après avoir abordé tout ce qui concerne l'authentification, vous découvrirez les moyens et les technologies de contrôle d'accès, de déploiement de stratégies d'audit et d'exploitation de la cryptographie. Puis, vous verrez quelles sont les solutions face aux attaques contre l'intégrité de Windows, le vol d'informations, la vulnérabilité matérielle et l'exécution de code malveillant.",Course,2023-05-06 22:05 UTC,N/A,false,N/A,
SOLIDWORKS : La conception de pièces de tôlerie,"SOLIDWORKS est l'un des logiciels de CAO et de modélisation les plus utilisés au monde. Il vous permet de concevoir des pièces ou des ensembles pour tout type de projet, du plus simple au plus complexe. Dans ce cours, vous aborderez une introduction sur la théorie de la tôlerie ainsi que les notions de facteur K, de vé ou de fibre neutre. Fabian Perrée, formateur spécialisé CAO et certifié SOLIDWORKS Expert, vous donne l'ensemble des méthodes et outils qui vous aideront à dimensionner vos pièces de tôlerie de manière efficace et professionnelle. Ainsi, vous serez en mesure de dessiner des pièces de qualité conformes aux attentes et aux procédés de fabrication de vos clients.",Course,2021-08-26 16:44 UTC,N/A,false,N/A,
Maîtriser Excel par la pratique,"Si vous devez utiliser Excel au quotidien, ce cours est fait pour vous. À travers des exemples précis, Martial Auroy vous guide dans l'utilisation d'Excel et vous donne ses meilleures astuces. Vous aborderez ensemble des thèmes comme l’ajustement de vos impressions, la zone d’impression, les tableaux croisés dynamiques, la mise en forme conditionnelle, etc. Vous saurez ainsi, à la fin de cette formation très complète, comment vous organiser, gérer votre classeur, calculer, manipuler du texte et passer des éléments en tableau et même imprimer et exporter !",Course,2020-11-02 09:51 UTC,N/A,false,N/A,
Faire face aux microagressions au travail,"Toni Lowe est une conférencière prisée et une responsable RH spécialisée dans la diversité, l’inclusion, l’équité et l’appartenance. Dans ce cours, elle vous apprend à identifier et affronter les actes ou les comportements subtils du quotidien, volontaires ou non, qui perpétuent des préjugés concernant les groupes marginalisés sur le lieu de travail. Elle définit les microagressions et en identifie trois grands types : les microattaques, les micro-insultes et les micro-invalidations. Si « micro » signifie « petit », chaque nouvelle microagression a un impact fort sur l’expérience, la santé physique et le bien-être mental des employés. Découvrez les mesures à prendre pour créer des espaces sûrs sur votre lieu de travail afin de pouvoir gérer la situation et développer un système de soutien.",Course,2022-03-04 21:30 UTC,N/A,false,N/A,
Les outils IA du marketing numérique,"Révolutionnez votre stratégie marketing avec l’intelligence artificielle ! Cette formation vous propose un tour d’horizon complet des outils IA appliqués au marketing digital, vous permettant d’automatiser, personnaliser et optimiser vos actions sur des leviers clés : acquisition, conversion, fidélisation et engagement client. Découvrez comment utiliser l’IA pour créer des identités visuelles, générer du contenu pertinent, améliorer le SEO, collecter des données et automatiser vos campagnes. Apprenez à exploiter ces outils pour maximiser l'impact de vos actions marketing tout en gagnant en efficacité et performance. Un cours incontournable pour intégrer l'IA dans vos stratégies marketing et amener vos campagnes à un niveau supérieur.",Course,2025-11-02 20:05 UTC,N/A,false,N/A,
Améliorer sa mémoire,"Qu'il s'agisse de nous remémorer notre enfance, de développer notre personnalité à travers notre expérience ou d'apprendre de nos erreurs, la mémoire est cruciale à notre existence en tant qu'individu. Dans le monde du travail, cette faculté est critique lorsqu'il s'agit de se rappeler des faits et des chiffres sur son produit ou des tâches que l'on a réalisées. Sabria Lagoun, doctorante en neurosciences et spécialiste de la communication scientifique, vous présente ce cours pour aborder la mémoire comme une faculté du cerveau. Ensemble, vous prendrez la tangente et examinerez votre mémoire du point de vue des neurosciences. Vous apprendrez des techniques scientifiquement testées et prouvées afin d'augmenter vos performances mnésiques.",Course,2020-11-26 05:26 UTC,N/A,false,N/A,
Foundations of Algorithmic Thinking with Python,"The word “algorithm,” at one time the sole province of mathematics and computer science, has entered the modern vernacular because, for better or worse, algorithms have never been more important or more impactful in daily life. If you’re a developer, you need to be familiar with a wide range of algorithmic thinking in order to be able to solve new problems as they present themselves. If you’re already familiar with Python, becoming more versed in algorithmic thinking is a great way to increase your value as a developer. In this course, Robin Andrews explains how Python, because of its clarity and expressiveness, is the ideal tool for exploring algorithmic thinking. He shows you tools to help you understand the flow of algorithms, explains the brute force approach to solving algorithms, details the concepts of time and space complexity with regard to algorithm analysis, the decrease and conquer strategy, and much more.",Course,2022-12-30 13:14 UTC,N/A,false,N/A,
Réussir sa transition vers des événements virtuels,"Tous les évènements bien organisés peuvent servir de catalyseur pour atteindre des objectifs métiers plus larges. En organisant un évènement en ligne plutôt qu’en présentiel, vous pouvez atteindre ces objectifs tout en créant une expérience plus inclusive et plus respectueuse de l’environnement. Dans ce cours, la formatrice Taylor Estes vous explique comment procéder et comment élaborer des expériences en ligne transformatrices pour les participants. Elle partage des techniques pour maintenir l’engagement des participants à distance du début à la fin. Elle vous apprend à raconter des histoires passionnantes, à exploiter les bénéfices du contenu généré par les utilisateurs pour interagir avec les participants, et à gérer la production de façon globale.",Course,2022-04-12 09:31 UTC,N/A,false,N/A,
"Power BI Service : Publier, partager et collaborer autour des rapports","Power BI Service est, à l'origine, une plateforme qui permet de publier et diffuser un rapport de type Power BI. Avec le temps, de nouvelles fonctionnalités, originales et étonnantes, se sont ajoutées. Dans cette formation, vous allez découvrir comment Power BI Service permet de créer un rapport à partir d'une nouvelle source ou de données déjà prêtes-à-l'emploi. Vous allez voir comment consulter le rapport dans PowerPoint, Teams ou Excel, et comment créer votre tableau de bord personnalisé ainsi que les métriques essentielles. André Meyer-Roussilhon, auteur de nombreux ouvrages sur Power BI, vous emmène à la découverte ou la redécouverte de Power BI Service !",Course,2026-02-08 15:44 UTC,N/A,false,N/A,
L'essentiel de Power BI (2020),"Dans cette formation, découvrez Power BI, la solution de Microsoft qui permet d'analyser, consulter et partager les données. André Meyer, consultant expert passionné par la transmission, aborde avec vous les principes, les composants et la configuration de Power BI à l'aide d'exemples concrets. Ensemble, vous verrez comment effectuer des requêtes de données vers Excel ou d'autres sources et préparer ces éléments. Vous apprendrez également à créer des tables, notamment de temps, des relations et à exploiter vos données sous forme de visuels. Puis, vous procéderez au filtrage et à l'exploitation des données aux formats PDF et Excel.
</p><p> Note : Une nouvelle édition de ce cours est disponible <a href=""https://www.linkedin.com/learning/l-essentiel-de-power-bi-2024/"" target=""_blank"">L'essentiel de Power BI</a>.</p>",Course,2025-11-19 15:12 UTC,N/A,false,N/A,
DAX : Niveau avancé,"Conçue pour les utilisateurs et utilisatrices ayant déjà des bases en DAX, cette formation vous apprendra à organiser vos calculs, simplifier vos formules et créer des tableaux de bord interactifs. Vous maîtriserez des techniques avancées comme l'intelligence temporelle, les mesures dynamiques et l’optimisation des performances, tout en transformant vos données brutes en outils décisionnels puissants. Rejoignez ce cours pour explorer tout le potentiel analytique de vos données et révéler des insights percutants répondant aux enjeux de votre activité.",Course,2025-10-29 13:33 UTC,N/A,false,N/A,
Excel: VLOOKUP and XLOOKUP for Beginners,"Many Excel users hear “VLOOKUP” and envision a complicated function reserved only for power users. Not so! VLOOKUP—and XLOOKUP, the newer version for 365 subscribers—are among Excel’s most powerful functions, yet you can master them with a few simple steps. In this mini-course, Jess Stratton walks you step-by-step through creating a simple lookup in Excel using both VLOOKUP and XLOOKUP, then shows you how to error-proof your formulas. Supercharge your Excel skills and save time with these powerful lookup functions.",Course,2025-09-09 06:42 UTC,N/A,false,N/A,
Nano Tips for Effortless Influence with Shadé Zahrai,"Welcome to our Nano Tips series, where LinkedIn Learning creators deliver impactful lessons in literally seconds. In this course, peak performance researcher and behavioral strategist to Fortune 500 companies Shadé Zahrai shows you how to exude effortless influence. She starts with outlining the basics of influence, followed by sharing key influence tactics—leveraging social proof, offering choices, and influencing with emotional intelligence. Shadé then takes it up a level with some pro-level influence techniques, explaining how to influence those with greater authority and how to sway skeptics.",Course,2025-12-06 01:37 UTC,N/A,false,N/A,
Découvrir Power BI,"Dans cette formation qui s'adresse aux débutants, Benjamin Ejzenberg vous présente Power BI, l'application et le service de visualisation, d'analyse de données et de Business Intelligence (BI) de Microsoft. Après avoir abordé son rôle, les différences avec Excel et ses composants clés, vous procèderez à l'importation des données en respectant quatre règles d'or présentées ici. Vous découvrirez l'interface ainsi que les outils de visualisation des données, avec la mise en forme de votre rapport, puis vous verrez comment analyser les données, publier et partager les rapports.",Course,2025-06-06 03:40 UTC,N/A,false,N/A,
Communiquer avec empathie,"Quand vous cherchez à comprendre la perspective de quelqu’un, vous faites preuve d’empathie. Dans les entreprises qui encouragent leurs employés à communiquer avec empathie, les collaborateurs sont plus enclins à s’exprimer franchement. Ils ont également le sentiment que leur travail compte et se sentent en sécurité. Voilà pourquoi l’empathie au travail est essentielle à la réussite de l’entreprise. Dans cette formation, Sharon Steed, experte en communication, vous présente les principes de la communication empathique et vous donne plusieurs stratégies spécifiques pour vous aider à mieux gérer les conversations difficiles. Vous apprendrez à faire preuve d’empathie dans vos conversations pour mieux discuter en tête à tête ou en équipe.",Course,2021-06-13 18:21 UTC,N/A,false,N/A,
Vendre avec des histoires : Les grandes histoires commerciales ,"Les histoires tissent des liens entre les gens. En racontant une histoire convaincante et authentique, vous pouvez renforcer votre relation avec un prospect au point de conclure une vente avec lui. Cette formation vous apprend à exploiter le pouvoir du storytelling tout au long du processus commercial. Paul Smith, auteur d'un livre à succès intitulé <i>Sell with a Story: How to Capture Attention, Build Trust, and Close the Sale</i>, aborde ici les 25 histoires indispensables aux commerciaux, en vous donnant des indications pour structurer les vôtres. Découvrez ce que vous devriez raconter depuis la première rencontre jusqu'à la signature du contrat pour capter l'attention d'un acheteur et le fidéliser sur le long terme.",Course,2020-12-09 11:27 UTC,N/A,false,N/A,
Soutenir un employé endeuillé : Guide à l'attention des managers,"Quand des collègues sont en deuil, on peut se sentir perdu. Que doit-on dire ? Que doit-on faire ? Comment soutenir au mieux un employé en deuil ? La gestion du deuil n’est pas un sujet que l’on enseignait aux responsables. Jusqu’à aujourd’hui. Consultante spécialisée dans le deuil et fondatrice de Grief Warrior, Leslie Barber partage des tactiques que les responsables peuvent utiliser pour discuter avec leur équipe et soutenir les employés endeuillés. Après avoir suivi cette formation, vous saurez ce qu’est le deuil et ce qu’il n’est pas. Vous saurez comment tisser des liens lors de réunions individuelles, aborder le deuil dans de grandes réunions et ajuster les attentes en matière de performance et de productivité. Autant de leçons précieuses pour les responsables qui doivent accompagner des employés pendant des périodes de deuil et de changement.",Course,2022-04-05 08:52 UTC,N/A,false,N/A,
Learning Data Governance (2016),"In the era of big data and data science, most businesses and institutions realize the power of data. Yet far too many fail to appreciate the legal and fiscal responsibilities and liabilities associated with it. The stakes are high, but a well-rounded data governance process can help ensure the consistent quality, availability, integrity, and usability of your data.<br><br>Here Dr. Jonathan Reichental explains how to begin to implement a data governance program within any organization. Learn the components of data governance, its strategic value, the roles and responsibilities of stakeholders, and the overall steps that an organization needs to take to manage, monitor, and measure the program. Plus, get guidance on a set of next steps for building skills. As the data science domain grows, so does the demand for data governance expertise. Start here for your first look at this in-demand skill.",Course,2021-05-06 14:05 UTC,N/A,false,N/A,
Vendre à des cadres supérieurs / supérieures,"Vendre à des cadres supérieurs peut être un véritable défi. De nombreux commerciaux ont du mal à remporter des contrats avec ces clients, qui peuvent être intimidants compte tenu de leur statut. Pendant 10 ans, Mike Gamson a été en charge des ventes chez LinkedIn. Dans cette formation, il partage avec vous ses connaissances durement acquises, afin de vous aider à préparer un plan d’action efficace pour aborder les réunions avec des cadres supérieurs.",Course,2021-03-27 17:57 UTC,N/A,false,N/A,
Python : Niveau avancé,"Si vous souhaitez évoluer dans la programmation avec le langage Python, suivez cette formation consacrée à ses utilisations les plus avancées. Après un rappel sur le but et les avantages du langage Python, Omar Souissi vous présentera les prérequis et l'environnement de travail. Puis, il vous aidera à appréhender, à l'aide d'exemples explicites, les meilleures pratiques, notamment dans la mise en œuvre des fonctions, des classes, des décorateurs ainsi que des itérateurs et des générateurs, tout en garantissant un code propre et optimal.",Course,2020-11-27 14:48 UTC,N/A,false,N/A,
Python : L'analyse de données,"De nos jours, l'explosion du volume et de la variété des données ne laisse plus planer de doute : le rôle du data scientist sera central dans les années à venir. Si vous êtes data scientist ou que vous souhaitez travailler avec Python, ce cours est pour vous. Omar Souissi, professeur associé en technologie de l'information et techniques d'optimisation, vous aide à acquérir les bases indispensables pour faire de la data science avec Python. Vous découvrirez comment utiliser deux bibliothèques indispensables, à savoir NumPy et Pandas. Vous verrez également quelques études de cas qui vous permettront d'assimiler facilement les différentes notions de Python pour l'analyse de données.",Course,2020-11-27 14:55 UTC,N/A,false,N/A,
SQL : L’exécution logique de la requête,"SQL, Structured Query Language ou langage de requête structurée, permet de communiquer avec les bases de données. Il s'agit notamment d'une institution, la plus utilisée au monde et difficile à comprendre au premier abord. Dans cette formation, vous allez voir en détail le fonctionnement et la logique interne de SQL. Rudi Bruchez, expert en base de données, vous explique l'ordre logique de l'évaluation et des clauses de la commande SELECT en SQL. Ainsi, vous allez maîtriser toutes les subtilités de ce langage informatique pour exploiter vos bases de données relationnelles.",Course,2022-10-04 07:24 UTC,N/A,false,N/A,
Surmonter le syndrome de l'imposteur ,"Vous venez d'être promu ou de profiter d'une opportunité et pourtant vous vous sentez toujours illégitime ? Vous avez le sentiment que votre réussite est liée à la chance ? Le syndrome de l'imposteur impacte votre vie et votre carrière négativement. Dans ce cours, Caroline Codsi vous aide à en identifier les causes et partage avec vous quelques astuces concrètes pour lutter contre ce complexe d'infériorité. Regagnez confiance en vous, cessez de douter et surtout de vous dévaloriser !",Course,2023-03-19 14:48 UTC,N/A,false,N/A,
Les fondements du data engineering,"L'adoption massive du Big Data a donné naissance à de nouveaux métiers relatifs aux données. Dans ce cours, Madjid Khichane, ingénieur en informatique et PhD en Intelligence Artificielle, vous présente le métier de data engineer dont le rôle est crucial dans tout type de projet qui implique la manipulation de données. Abordez les concepts fondamentaux du data engineering et l'étape de préparation des données. Voyez comment déployer des projets à l'aide de conteneurs et superviser les clusters. Découvrez également les différents types de bases de données avec les notions de stockage distribué et de traitement parallèle.",Course,2023-01-13 09:40 UTC,N/A,false,N/A,
Gérer les hauts potentiels,"La gestion des hauts potentiels vous donne l'opportunité de cultiver les meilleurs talents de votre organisation. Les hauts potentiels sont les employés les plus susceptibles d'obtenir des postes de leadership et de réussir dans ce nouveau rôle. En aidant ces professionnels à progresser et à acquérir peu à peu de nouvelles responsabilités, vous aurez un impact significatif sur l'avenir de votre organisation. Sara Canaday, experte en leadership, vous aide à mieux comprendre l'état d'esprit et les motivations des hauts potentiels pour pouvoir répondre à leurs attentes et leur offrir le soutien et les opportunités de développement dont ils ont besoin.",Course,2020-11-17 06:05 UTC,N/A,false,N/A,
After Effects Weekly,"During the last few years, After Effects has grown from a simple software program into an ever-evolving motion graphics ecosystem. New features are being added each quarter and it's getting hard to keep up. This weekly series demonstrates tips, tricks, and techniques to help you to stay on top of the changes and reveals undocumented effects and shortcuts that will blow you away. Learn how to reset tools, control animations, create effects, control layers, fix issues, and integrate with Photoshop, Illustrator, and Cinema 4D. Tune in every Friday for a new tip.",Course,2025-03-07 14:44 UTC,N/A,false,N/A,
Data Visualization in R with ggplot2 (2018),"Discover how to create informative and visually appealing data visualizations using ggplot2, the leading visualization package for R. In this course, Mike Chapple shows how to work with ggplot2 to create basic visualizations, how to beautify those visualizations by applying different aesthetics, and how to visualize data with maps. Throughout the course, Mike also covers key concepts such as the grammar of graphics and how to apply different geometries to visualize data. To wrap up, he shares a case study that lends a practical context to the concepts covered in the course.",Course,2021-01-15 07:28 UTC,N/A,false,N/A,
Favoriser l’inclusion LGBTQ+ au travail,"La diversité et l'inclusion sont des valeurs fondamentales susceptibles de favoriser la croissance et le développement. De nombreux travailleurs de la communauté LGBTQ+ sont confrontés à une forte discrimination sur le marché du travail. L'homophobie et la transphobie restent des questions peu traitées au sein des entreprises et des administrations. Aurélie Salvaire, conférencière et auteure sur les thèmes de la diversité et de l'innovation sociale, vous encourage à favoriser l'inclusion par divers moyens individuels ou collectifs. Dans ce cours, vous aborderez les discriminations existantes envers la communauté LGBTQ+ et vous apprendrez à y faire face pour devenir un allié au quotidien.</br></br>

Cette formation a été créée par Aurélie Salvaire. Nous sommes ravis d'héberger ce contenu sur notre plateforme.",Course,2023-04-20 09:16 UTC,N/A,false,N/A,
Photoshop : Gérer les effets de flou,"Photoshop est tellement complet que nous prenons rapidement des habitudes. Nous en oublions même d'aller plus loin pour nous perfectionner et en maîtriser certaines subtilités. Il y a tant à découvrir et pour cela, Yves Chatain, expert en photographie, vous propose de suivre cette formation. Ensemble, vous aborderez les notions de flou afin de donner un rendu d'illusion ou de réalisme à vos images. Vous prendrez ensuite en main différents outils comme la profondeur de champ, les filtres, la galerie d'effets et Camera Raw.",Course,2020-10-10 05:11 UTC,N/A,false,N/A,
Nano Tips to Build Authority on LinkedIn with Shadé Zahrai & Jasmin Alić,"Welcome to our <i>Nano Tips</i> series, where LinkedIn Learning creators deliver impactful lessons in literally seconds. In this course, Shadé Zahrai and Jasmin Alić show you how to create impactful LinkedIn content that delivers real value, builds engagement, and strengthens professional connections. Develop skills to format posts effectively, engage with comments, and subtly showcase their expertise without sounding overly promotional. Through storytelling, video strategies, and permission-based selling, learn how to enhance your LinkedIn presence and create content that resonates with your audience.",Course,2025-11-08 11:53 UTC,N/A,true,N/A,
Devenir un manager bienveillant / une manager bienveillante,"Avec Gaël Chatelain, partez à la découverte du management bienveillant. Au travers des principes abordés dans cette formation, vous saurez non seulement comment être à l'écoute, mais également comment prendre du temps et être acteur au sein de votre équipe. Vous verrez comment prendre des décisions, faire preuve de courage et même, parfois, savoir dire non. Enfin, la formation se conclue avec deux concepts importants : donner du sens au travail de toute la chaîne, collaborateurs et managers inclus, mais également être bienveillant avec soi-même.",Course,2021-01-25 05:35 UTC,N/A,false,N/A,
Python pour la data science : Série,"Développez vos connaissances dans le domaine de la data science grâce aux astuces d'Omar Souissi autour du langage Python. Vous verrez comment en tirer parti pour exploiter et analyser efficacement vos données, afin de développer vos campagnes de marketing, gérer et prédire les ventes, déployer des algorithmes de deep learning (apprentissage profond), automatiser le traitement du langage naturel, faire du traitement de signal et d'images, et bien d'autres choses.",Course,2021-05-04 15:33 UTC,N/A,false,N/A,
Power BI Weekly,"Welcome to the Power BI weekly series. Each week, instructor Helen Wall covers an interesting and relevant topic in Power BI, the low-code business intelligence platform from Microsoft. Helen covers topics like optimizing dynamic dynamic on-screen actions, DAX tricks, Power Query techniques, and customizing visuals for the end users. If you want to get more out of this interactive data visualization software, check back weekly for Helen’s latest lessons.",Course,2026-03-26 05:44 UTC,N/A,false,N/A,
L'essentiel du langage C,"Apprenez à vous exprimer clairement en langage C. Denis Réant vous présente ce langage très proche du matériel dans le domaine de la programmation. Dans cette formation, assimilez toutes les bases indispensables comme les notions de bit et d'hexadécimal. Prenez en main les fonctions et les outils tels que les structures de contrôle, les opérateurs, le pointeur, les références et les tableaux. Découvrez également les syntaxes et les commandes fondamentales à la programmation en C. Puis exploitez les directives de préprocesseurs, les bibliothèques et l'allocation mémoire dynamique. Cette formation s'adresse à ceux qui veulent débuter dans le monde du code et de la programmation, et à ceux qui souhaitent approfondir leurs connaissances dans la maîtrise du code. À l'issue de cette formation, vous serez en mesure de créer vos premiers codes et de programmer des microprocesseurs simples en langage C.",Course,2020-10-10 05:15 UTC,N/A,false,N/A,
L'essentiel de Premiere Pro 2020,"Montez vos films efficacement et en totale autonomie avec Premiere Pro 2020. Dans cette formation, plongez-vous dans les rouages du logiciel et créez des vidéos très simplement. À l'aide d'exercices et de cas de figure, Marguerite Fouletier vous donne les outils ainsi que les bonnes pratiques pour un rendu de qualité. Vous verrez comment créer un projet, manipuler les plans, raccorder des séquences, synchroniser le son, ajouter des effets, etc. Vous tirerez également parti d'Adobe Creative Cloud et exporterez votre travail en toute sérénité.<br><br>

Ce cours a été enregistré en partie avec la version 2019 de Premiere Pro et a été mis à jour pour refléter l’expérience utilisateur de la version 2020.",Course,2020-10-10 05:13 UTC,N/A,false,N/A,
L'essentiel de Photoshop 2020,"Photoshop, le logiciel phare de traitement d'images et de retouche d'Adobe, n'a jamais été détrôné en 30 ans d'existence. Dans cette formation, Yves Chatain va vous dévoiler de nombreuses possibilités et des outils incontournables. Après avoir abordé l'interface, vous découvrirez les nombreux outils de sélection, le principe des calques et des masques de fusion, le traitement de photos avec le module Camera Raw, la transformation et la déformation d'images, les outils de partage et bien d'autres aspects. Au terme de cette formation, vous aurez constitué un solide socle de connaissances qui vous permettra d'aborder d'autres domaines, dans lesquels Photoshop est et reste indispensable.",Course,2022-07-08 13:47 UTC,N/A,false,N/A,
Data Science Foundations: Python Scientific Stack (2017),"Data science provides organizations with striking—and highly valuable—insights into human behavior. While data mining can seem a bit daunting, you don't need to be a highly-skilled programmer to process your own data. In this hands-on course, learn how to use the Python scientific stack to complete common data science tasks. Miki Tebeka covers the tools and concepts you need to effectively process data with the Python scientific stack, including Pandas for data crunching, matplotlib for data visualization, NumPy for numeric computation, and more.",Course,2021-01-16 20:52 UTC,N/A,false,N/A,
L'essentiel de Power BI service,"Explorez toute la panoplie d'options de Power BI service pour publier, partager et collaborer autour des rapports. Dans ce cours, André Meyer-Roussilhon, consultant et auteur sur Power BI, vous explique comment diffuser des rapports, des assemblages de visuels, ou tableaux de bord, et des jeux de données de manière sécurisée. Vous allez aussi voir comment diffuser un modèle de données commun à l'ensemble des créateurs de rapports, mutualiser l'actualisation des données et consulter des rapports sur un appareil mobile.",Course,2022-05-23 12:20 UTC,N/A,false,N/A,
Excel 2016 : Les formules et les fonctions avancées,"Partez à la découverte des fonctions et des formules d'Excel 2016. Dans cette formation qui s'adresse aux utilisateurs maîtrisant déjà Excel, Martial Auroy vous dévoile des fonctions de calcul reposant sur des critères et des conditions. Aussi, tirez parti des nombres, des textes et des dates, puis initiez-vous aux matrices et aux techniques de recherche. À la fin de cette formation, vous maîtriserez l'analyse et la manipulation de données sous conditions dans Excel 2016.",Course,2021-01-10 08:54 UTC,N/A,false,N/A,
SQL Server Machine Learning Services: Python,"Learn how to analyze SQL Server data with Python. Database expert Adam Wilbert shows how to use a powerful combination of tools, including high-performance Python libraries and the Machine Learning Services add-on, directly inside SQL Server to streamline analysis. Adam shows how to use Python scripts to perform statistical analysis, generate graphics such as scatterplots and bar charts, and process tabular data. He also explains how to turn a Python script into a stored procedure and set up standalone ML services to execute scripts without impacting SQL Server performance.",Course,2025-07-27 06:34 UTC,N/A,false,N/A,
Les entretiens à distance pour les RH,"Le meilleur candidat ne vit pas nécessairement dans la même région ou le même pays que vous. Pour développer votre entreprise, vous devez être en mesure de répondre aux réalités du nouveau contexte en matière de recrutement. Apprenez à utiliser une technique d’entretien qui vous fera gagner du temps et de l’argent, et vous aidera à trouver les meilleurs talents dans le monde entier. Les entretiens à distance peuvent rationaliser votre processus d’entretien traditionnel et vous permettre d’accéder aux meilleurs candidats en optimisant vos chances de les attirer et de les retenir. Dans cette formation, Barbara Bruno, experte en personnel et recrutement, va vous expliquer comment préparer un processus de recrutement virtuel et mener un entretien vidéo efficace. Elle va également présenter les avantages de ce type d'entretiens et conclure avec des astuces pour effectuer un suivi, pré-conclure et accompagner votre nouvelle recrue afin de l’intégrer plus rapidement et plus efficacement.",Course,2021-05-06 14:00 UTC,N/A,false,N/A,
10 secrets pour réussir sa recherche d’emploi ,"Vous êtes en recherche d'emploi ou de stage ? Vous ne savez pas par où commencer, comment procéder et que penser des réactions des recruteurs ? Dans ce cours, Christel de Foucault, auteure sur les techniques de recherche d'emploi et la marque employeur, vous donne dix astuces pour décrocher le poste de vos rêves. Vous comprendrez qu'il est essentiel de vous poser les bonnes questions afin de déterminer vos axes de recherche. Vous verrez également comment vous positionner et vous démarquer auprès des recruteurs. Puis vous découvrirez des méthodes de préparation aux entretiens ainsi que l'art et la manière de transformer ces entrevues en véritables échanges autour de votre offre de services.",Course,2021-05-16 11:33 UTC,N/A,false,N/A,
Figure Drawing: Tonal Rendering,"How can you make a good figure drawing into a great figure drawing? Give it drama with tonal rendering. This course—taught on the iPad Pro—provides you with step-by-step demonstrations that can help you enhance the dimensionality and drama of your figure drawings using tonal rendering techniques. Instructor Amy Wynne starts by demonstrating how to create a five-part tonal gradient, and then shows how to apply this to simple 3D geometric shapes such as an egg, a cylinder, and a block; these shapes serve as the building blocks for constructing your figures. Amy also shows how to build the figure from the inside out—from structure to tonality—and apply silhouette and camouflage using inspiring master drawings as examples. Upon completing this course, you'll be equipped with a few simple techniques that can help you add beautiful lights and shadows to your figure sketches.",Course,2020-11-27 23:01 UTC,N/A,false,N/A,
L'essentiel de Java 9,"Avec Fabien Brissonneau, partez à la découverte de Java 9, la toute nouvelle version du langage de programmation orienté objet le plus répandu. Dans cette formation, vous aborderez l'installation, puis vous passerez à l'utilisation d'Eclipse (l'interface de développement) et du nouveau kit de développement JDK. Puis, vous vous initierez à la programmation, aux types, aux classes et aux syntaxes, avant de vous pencher sur le flux de contrôle et la syntaxe. Votre formateur vous présentera également le passage de paramètres aux méthodes, les bonnes pratiques de la programmation orientée objet ainsi que les concepts de généralisation, de polymorphisme, d'abstraction, d'interface et d'exception. Pour terminer avec cette présentation, vous verrez également des classes du framework, les collections Java ainsi que les modules Java 9. Au terme de cette formation, vous aurez toutes les cartes en main pour commencer à développer en Java 9.",Course,2020-12-15 17:37 UTC,N/A,false,N/A,
AutoCAD : Aménagement des bureaux en situation d'épidémie,"Dans cette formation, vous apprendrez à faire face aux risques de propagation d'épidémie au sein d'une entreprise, en réaménageant les locaux à l'aide d'AutoCAD, l'incontournable logiciel de dessin d'Autodesk. Dans un premier temps, Maxence Dupupet fera un tour d'horizon des risques puis des mesures d'hygiène à mettre en place et à faire respecter. Ensuite, avec les nombreux outils d'AutoCAD, vous apprendrez à réaménager vos bureaux de façon optimale, en déplaçant le mobilier et en aménageant des espaces de circulation sécurisés.",Course,2022-02-10 09:41 UTC,N/A,false,N/A,
SOLIDWORKS : La conception de moules,"Si vous êtes concepteur CAO et que vous souhaitez réaliser des moules, alors suivez cette formation sur SOLIDWORKS, le logiciel de CAO 3D de Dassault Systèmes. Après avoir abordé les principes de base sur le moulage, Fabian Perrée vous guidera dans la réalisation de moules à l'aide d'exemples concrets, dans lesquels vous apprendrez à garantir une épaisseur constante, à positionner des dépouilles et à renforcer les pièces à l'aide de nervures. Vous verrez également comment tirer parti des congés et des tiroirs puis vous passerez à la réalisation des empreintes. Cette formation se conclura sur les pièces à corps multiples et le placement de l'alimentation et de l'injection.",Course,2020-11-26 05:50 UTC,N/A,false,N/A,
InDesign 2023 Essential Training,"InDesign is an essential tool for design firms, ad agencies, magazines, newspapers, book publishers, and freelance designers around the world. In this course, InDesign expert David Blatner presents a thorough explanation of the core features and techniques that make this powerful page layout application fun and easy to use. He provides a foundation upon which advanced skills and workflows can be built. David shows you how to navigate and customize the workspace, manage documents and pages, work with text frames and graphics, export and print finished documents, explore creating interactive documents, and much more. You can also use the example files and challenges that accompany the course to practice what David explains.",Course,2025-02-27 12:05 UTC,N/A,false,N/A,
L'essentiel de PHP et MySQL,"Dans cette formation destinée aux développeurs web, Julian Layen vous propose de découvrir la conception de sites professionnels avec le langage PHP et les bases de données MySQL. Après avoir installé les packages MAMP ou WAMP indispensables, vous serez initié au PHP, aux boucles et aux fonctions. Puis, vous apprendrez à créer une architecture et des formulaires, à lancer des requêtes simples et complexes, et à employer des sessions. Enfin, la formation se terminera sur un copieux chapitre consacré à la création d'un projet, et dans lequel vous mettrez en œuvre, avec des cas concrets, les notions acquises.",Course,2021-03-10 06:29 UTC,N/A,false,N/A,
Adobe Firefly Essential Training,"In this course, Bart Van de Wiele—expert designer and author—guides you through the innovative Adobe Firefly AI technology and its seamless integration within Adobe Creative Cloud. Discover how to generate images and videos from text prompts, expanding your creative possibilities effortlessly. Master using Firefly to create vector graphics and patterns in Adobe Illustrator, while leveraging advanced features like generative fill and scene-to-image to enhance your designs. Explore enterprise solutions with Firefly Custom Models, Object Composites, and Style Kits to scale your creative production. Learn how to harness the power of AI for your projects with targeted examples and step-by-step guidance. Whether you are a designer, marketer, or creative professional, this course will elevate your workflows and artistic outcomes.",Course,2025-08-23 10:56 UTC,N/A,false,N/A,
Personal Branding for Sales Success,"Looking to build your personal brand as a sales professional? In this course, instructor Ronnell Richards shows you how to define and communicate your personal brand authentically, leverage social media to enhance your online presence, and use personal branding to build client trust and close more deals. Topics covered include identifying unique value propositions, storytelling, thought leadership, networking, and evaluating branding efforts. By the end of this course, you’ll be prepared to use your personal brand to differentiate yourself in the marketplace.",Course,2025-07-18 03:41 UTC,N/A,false,N/A,
Avoir de la conversation,"Grâce aux conseils judicieux et pertinents de Yann Piette, découvrez les techniques qui vous permettront de maîtriser l'art de la conversation. Tout d'abord, vous verrez quelle importance accorder à la forme puis au fond. Vous apprendrez la manière de converser de façon agréable grâce au principe du small talk, ainsi que le langage non verbal, l'expression et la posture, puis, vous découvrirez comment développer vos compétences narratives, et vous vous entraînerez à l'aide de petits exercices simples dispensés par votre formateur.</br>Cette formation a été créée par Yann Piette. Nous sommes ravis d'héberger ce contenu sur notre plateforme.",Course,2022-01-19 14:01 UTC,N/A,false,N/A,
L'essentiel de MySQL,"MySQL est le moteur de bases de données relationnelles libre le plus déployé au monde. Il est utilisé par les plus petites entreprises comme par les plus grandes, comme Google ou Facebook. Vous devez savoir l'utiliser si vous êtes administrateur de base de données ou développeur. Dans cette formation, vous allez voir comment installer MySQL, configurer le moteur de bases de données et créer des utilisateurs pour en assurer la sécurité. Rudi Bruchez, spécialiste en bases de données depuis de nombreuses années, vous accompagne dans la découverte des spécificités du langage SQL pour MySQL.",Course,2023-09-04 11:51 UTC,N/A,false,N/A,
LinkedIn : Le mode créateur,"Avec Caroline Mignaux, partez à la découverte du mode créateur de LinkedIn, introduit en 2020 et destiné à améliorer et à amplifier la visibilité des acteurs du monde du travail, et plus particulièrement les entrepreneurs, les indépendants mais aussi les employés. Vous verrez de quelle manière le mode créateur de LinkedIn fonctionne, de son activation sur votre profil à son usage quotidien. Votre formatrice vous dispensera également des astuces pour en tirer parti encore plus efficacement et améliorer votre visibilité.",Course,2025-12-31 15:10 UTC,N/A,false,N/A,
